date,tavg,tmin,tmax,prcp,snow,wdir,wspd,wpgt,pres,tsun
2020-01-01,-2.7,-6,4,,,346,1.5,9.3,1034,
2020-01-02,-4.4,-7,-1,,,327,2.7,13,1029.2,
2020-01-03,0.8,-3,5,,,213,10.3,33.3,1023.7,
2020-01-04,3.8,2,6,,,252,13.1,40.8,1024.1,
2020-01-05,0.7,-2,3,,,256,7.1,27.8,1033.6,
2020-01-06,-0.1,-4,3,,,191,3,9.3,1030.4,
2020-01-07,-0.3,-6,3,,,233,7.2,18.5,1027,
2020-01-08,1.8,-1,4,,,224,6.7,20.4,1028.8,
2020-01-09,5.5,3,8,,,225,3.8,16.7,1022.1,
2020-01-10,6.9,4,10,,,232,11.2,29.6,1019,
2020-01-11,3.3,-1,6,,,253,7.7,24.1,1030.6,
2020-01-12,0.2,-5,5,,,220,8.3,24.1,1026.6,
2020-01-13,2.4,0.4,4,,,203,7.3,24.1,1023.4,
2020-01-14,1.5,-3,8,,,184,2.3,20.4,1018.8,
2020-01-15,1.3,-2,5,,,150,4.9,18.5,1020.9,
2020-01-16,2,-3,8,,,326,3.8,13,1028.6,
2020-01-17,-0.2,-1,1,,,98,5.2,22.2,1023.6,
2020-01-18,2.5,0,5,,,240,5,18.5,1024.6,
2020-01-19,1.8,0,5,,,284,3.7,13,1032.5,
2020-01-20,1,-1,4,,,155,3,11.1,1044.9,
2020-01-21,-2.1,-5,1,,,47,4,11.1,1041.1,
2020-01-22,-1.2,-4,3,,,226,8.2,16.7,1033.9,
2020-01-23,0.1,-4,3,,,,6,24.1,1031.9,
2020-01-24,-1.4,-3,0,,,268,5.3,16.7,1024.3,
2020-01-25,-1,-4,3,,,246,3.6,13,1022.3,
2020-01-26,-0.5,-2,2,,,280,1.7,9.3,1021.5,
2020-01-27,1.2,-3,7,,,197,3.7,22.2,1015.3,
2020-01-28,4.3,1,8,,,222,18.2,51.8,1000.7,
2020-01-29,1.8,0,3,,,234,14.1,44.5,1006.9,
2020-01-30,4,2,7,,,225,17,38.9,1012.9,
2020-01-31,10.2,7,13,,,234,19.1,46.3,1009.2,
2020-02-01,11.5,9,14,,,225,18.6,51.8,1008.7,
2020-02-02,8.3,3,12,,,232,15.6,53.7,1009.8,
2020-02-03,8.2,7,11,,,241,13.4,55.5,1011.5,
2020-02-04,3.9,2,7,,,263,11.5,42.6,1007.3,
2020-02-05,1.9,-2,4,,,320,10.4,35.2,1025.8,
2020-02-06,0.4,-3,3,,,247,8.1,20.4,1030.3,
2020-02-07,2.8,1,5,,,147,6.1,13,1028.7,
2020-02-08,0.7,-2,4,,,145,4.6,16.7,1025.6,
2020-02-09,3.4,-5,12,,,210,12.1,50,1018.5,
2020-02-10,8,3,14,,,239,26.5,75.9,1000.1,
2020-02-11,3.7,1,6,,,255,18.6,64.8,1003.8,
2020-02-12,2.1,0,4,,,246,16.4,53.7,1013.9,
2020-02-13,2.5,-1,6,,,190,10.1,35.2,1013.2,
2020-02-14,5.1,4,7,,,244,9.2,31.5,1016.3,
2020-02-15,4.8,1,10,,,197,4.5,20.4,1024.7,
2020-02-16,6.9,0,16,,,203,7.8,29.6,1017.4,
2020-02-17,10.3,7,15,,,239,13.4,35.2,1016.5,
2020-02-18,6.1,5,8,,,246,15.8,50,1022.9,
2020-02-19,4.1,2,6,,,231,15.3,40.8,1018.8,
2020-02-20,3.4,0,5,,,214,13,25.9,1020.6,
2020-02-21,4.5,2,7,,,249,14.9,46.3,1023.2,
2020-02-22,7.3,2,11,,,221,18.3,48.2,1024.3,
2020-02-23,10,8,14,,,241,24.4,70.4,1015.6,
2020-02-24,4.8,2,8,,,241,12.8,61.1,1017.9,
2020-02-25,8.3,5,10,,,235,19,42.6,1002.6,
2020-02-26,3.3,2,5,,,242,17.7,51.8,998,
2020-02-27,2.5,0,5,,,218,15.5,35.2,1001.8,
2020-02-28,1.1,-1,4,,,251,9.3,40.8,1013,
2020-02-29,4.7,0,10,,,182,7.6,31.5,1004.4,
2020-03-01,6.7,2,11,,,212,15.1,42.6,1000.5,
2020-03-02,6.8,2,10,,,194,12.5,42.6,994.5,
2020-03-03,4.5,3,6,,,253,8.2,35.2,999.1,
2020-03-04,2.9,-1,6,,,241,9.5,37,1011.5,
2020-03-05,3.5,-4,9,,,110,6.4,29.6,1002.8,
2020-03-06,6,4,8,,,218,15.3,40.8,995.1,
2020-03-07,4.5,4,6,,,266,11.9,38.9,1013.1,
2020-03-08,4.7,0,8,,,211,10,31.5,1018.9,
2020-03-09,4.5,1,9,,,250,5.3,22.2,1013.2,
2020-03-10,3.8,0,7,,,217,17.5,40.8,1012.9,
2020-03-11,11.3,8,13,,,232,22.2,50,1012.4,
2020-03-12,11.6,7,16,,,239,20,57.4,1012,
2020-03-13,6.5,4,9,,,245,19.4,61.1,1016.3,
2020-03-14,3.9,-1,9,,,30,6.4,25.9,1022.2,
2020-03-15,3.7,-4,11,,,106,9.3,35.2,1021.8,
2020-03-16,5.7,-2,16,,,117,3.2,20.4,1021.4,
2020-03-17,8.2,3,16,,,249,5.9,25.9,1028.1,
2020-03-18,7.8,3,16,,,228,3.5,25.9,1028.6,
2020-03-19,8.5,1,17,,,329,2.1,18.5,1024.8,
2020-03-20,9.4,2,18,,,16,6.1,42.6,1021.1,
2020-03-21,2.2,1,5,,,38,10.5,42.6,1024.3,
2020-03-22,-0.6,-4,3,,,51,11.8,48.2,1031,
2020-03-23,-1.1,-6,4,,,46,8.1,42.6,1034.7,
2020-03-24,0,-6,6,,,45,11.7,42.6,1032.7,
2020-03-25,1.1,-4,7,,,61,13.1,53.7,1027.4,
2020-03-26,3.3,-2,8,,,73,17.3,63,1022.3,
2020-03-27,8.9,2,16,,,62,14.9,59.3,1018.5,
2020-03-28,8.9,0,17,,,25,5.5,25.9,1016.3,
2020-03-29,,,,,,,,,,
2020-03-30,0.8,-3,5,,,26,7.4,35.2,1024.9,
2020-03-31,-0.5,-4,4,,,44,5.3,31.5,1025.8,
2020-04-01,0.5,-7,9,,,150,3.2,20.4,1021.2,
2020-04-02,3.4,-6,12,,,201,5.9,27.8,1012.4,
2020-04-03,4.3,-2,9,,,248,6.4,33.3,1013.9,
2020-04-04,7.4,1,14,,,10,3.5,20.4,1023,
2020-04-05,8.7,1,16,,,65,13,48.2,1026.8,
2020-04-06,12.6,3,21,,,106,5.2,24.1,1023.9,
2020-04-07,12,1,22,,,47,5.7,27.8,1029.2,
2020-04-08,12.7,3,22,,,50,5.5,25.9,1026.4,
2020-04-09,11.7,1,22,,,341,3.9,24.1,1022.8,
2020-04-10,13.1,4,20,,,23,4.6,20.4,1024.1,
2020-04-11,11.5,2,19,,,43,4.9,22.2,1024.3,
2020-04-12,12.1,2,22,,,253,3.5,27.8,1018.2,
2020-04-13,10.1,4,19,,,329,6.4,38.9,1013,
2020-04-14,3.7,0,8,,,299,7.2,27.8,1021.4,
2020-04-15,5.8,-3,15,,,255,6.9,29.6,1024,
2020-04-16,11.4,0,22,,,261,5.3,31.5,1018.3,
2020-04-17,13.5,4,22,,,21,4,25.9,1015.5,
2020-04-18,13.4,5,20,,,39,4.6,20.4,1015.8,
2020-04-19,11.1,7,14,,,38,6.9,37,1016.7,
2020-04-20,9.5,3,15,,,51,16.7,61.1,1020.3,
2020-04-21,10.9,4,17,,,57,18.5,63,1019.5,
2020-04-22,11.7,4,18,,,51,12.8,55.5,1021.2,
2020-04-23,12.2,4,19,,,67,8.8,42.6,1020.4,
2020-04-24,12,1,20,,,267,7.7,42.6,1012,
2020-04-25,10.2,4,15,,,337,6.6,33.3,1009.5,
2020-04-26,9.2,0,17,,,64,2.7,20.4,1011.4,
2020-04-27,11.2,0,19,,,252,5.6,29.6,1010.2,
2020-04-28,14.5,5,22,,,262,6,29.6,1006.1,
2020-04-29,13.3,10,17,,,241,12.5,35.2,1006.4,
2020-04-30,12.3,5,17,,,226,10.8,37,1007.6,
2020-05-01,11.7,7,17,,,217,15.8,42.6,1005.7,
2020-05-02,10,5,15,,,258,11.9,50,1008.7,
2020-05-03,9.8,5,15,,,266,7.8,33.3,1017.3,
2020-05-04,10.4,2,18,,,280,5.8,29.6,1016.3,
2020-05-05,8.5,3,14,,,357,5.3,33.3,1017.3,
2020-05-06,7.2,-1,14,,,342,5.1,24.1,1022.1,
2020-05-07,11.8,1,21,,,277,7.9,35.2,1022.5,
2020-05-08,14.5,4,24,,,298,4.8,24.1,1018.3,
2020-05-09,15.8,9,24,,,23,4.5,18.5,1013.5,
2020-05-10,16.1,12,21,,,197,6.7,25.9,1007.5,
2020-05-11,9.7,3,18,,,16,6.7,35.2,1002.3,
2020-05-12,5.6,-1,10,,,301,5.3,22.2,1016.1,
2020-05-13,6.9,0,13,,,75,5,22.2,1011.8,
2020-05-14,9.8,7,14,,,42,6.7,25.9,1014,
2020-05-15,10.3,6,15,,,36,8.6,35.2,1016.5,
2020-05-16,11.3,3,18,,,236,4.5,22.2,1021.3,
2020-05-17,12.6,3,20,,,322,4,25.9,1020.8,
2020-05-18,14.4,4,23,,,274,4.8,24.1,1022.6,
2020-05-19,16.5,7,24,,,339,4.9,27.8,1020,
2020-05-20,14.3,9,18,,,26,3.3,22.2,1021,
2020-05-21,14.2,5,20,,,17,4.2,20.4,1022.4,
2020-05-22,14.4,7,22,,,136,5.3,20.4,1022.7,
2020-05-23,14,9,19,,,243,5,37,1021.9,
2020-05-24,11.8,7,16,,,259,12.1,46.3,1027.5,
2020-05-25,12.4,10,17,,,297,9.1,37,1028.5,
2020-05-26,12.6,9,17,,,23,5.6,29.6,1032.9,
2020-05-27,13.3,4,20,,,7,3.5,20.4,1032.2,
2020-05-28,11.5,9,15,,,14,5.4,35.2,1028.3,
2020-05-29,12.7,6,18,,,32,6.2,35.2,1026.1,
2020-05-30,12.5,9,17,,,38,5.6,37,1021.6,
2020-05-31,9.8,3,15,,,316,3.5,25.9,1020.3,
2020-06-01,14.7,4,22,,,41,5.4,29.6,1020.9,
2020-06-02,16.1,6,23,,,33,6.6,27.8,1017.3,
2020-06-03,16.8,10,26,,,161,7.6,25.9,1007,
2020-06-04,14,9,20,,,199,6,25.9,997.8,
2020-06-05,13.5,12,17,,,230,11.7,42.6,998.3,
2020-06-06,12.5,10,16,,,229,7.6,35.2,1005.2,
2020-06-07,12.2,9,17,,,307,3.9,24.1,1008.9,
2020-06-08,12.5,8,17,,,290,4.6,18.5,1013.8,
2020-06-09,13.6,12,15,,,33,4.4,24.1,1014,
2020-06-10,13,12,15,,,35,3.6,24.1,1012.2,
2020-06-11,16.3,13,21,,,73,4.7,16.7,1009.5,
2020-06-12,18.9,9,26,,,72,8.2,31.5,1009.9,
2020-06-13,22.3,14,28,,,60,8,31.5,1009.4,
2020-06-14,19,17,21,,,208,7.7,25.9,1010.4,
2020-06-15,19.8,17,25,,,265,6.7,20.4,1013.6,
2020-06-16,18.3,14,22,,,243,5.4,18.5,1014.9,
2020-06-17,19.4,14,23,,,57,7.7,29.6,1011.3,
2020-06-18,16,15,19,,,240,8.3,31.5,1012,
2020-06-19,16.5,12,22,,,253,9.2,33.3,1014.8,
2020-06-20,15.5,13,18,,,263,5.5,27.8,1018.7,
2020-06-21,18.2,14,23,,,297,7.3,29.6,1019.1,
2020-06-22,19.5,12,26,,,292,5.3,29.6,1021.9,
2020-06-23,19.1,13,25,,,16,4.1,25.9,1024.4,
2020-06-24,16,9,23,,,50,6.2,27.8,1023.8,
2020-06-25,17.5,13,24,,,81,8.5,33.3,1020.8,
2020-06-26,18.9,12,26,,,97,5.3,22.2,1015.8,
2020-06-27,21.6,13,29,,,227,8.7,35.2,1013.6,
2020-06-28,22.5,16,27,,,251,8.2,31.5,1015.6,
2020-06-29,17.3,15,22,,,237,7.9,33.3,1014.1,
2020-06-30,18.8,14,24,,,241,12.4,44.5,1012.8,
2020-07-01,21.8,13,29,,,208,10.4,37,1010.9,
2020-07-02,19.8,16,23,,,224,11.6,31.5,1012,
2020-07-03,18.9,15,23,,,264,9,35.2,1017.1,
2020-07-04,18.2,9,25,,,247,9.1,35.2,1018.9,
2020-07-05,21.6,16,25,,,231,13.6,42.6,1016,
2020-07-06,19.3,14,22,,,249,12.4,48.2,1013.9,
2020-07-07,14.6,9,19,,,274,7.1,33.3,1019.8,
2020-07-08,14.8,11,20,,,282,4.9,33.3,1017.5,
2020-07-09,19.3,14,27,,,209,9.5,33.3,1016.5,
2020-07-10,22.2,14,30,,,233,10.3,48.2,1012.8,
2020-07-11,15,12,19,,,48,4.7,29.6,1021.6,
2020-07-12,14.7,7,21,,,349,3.3,18.5,1026.1,
2020-07-13,16.2,8,24,,,71,4.5,20.4,1023.6,
2020-07-14,17.4,8,24,,,153,5,20.4,1016.7,
2020-07-15,15.7,10,20,,,241,6.4,29.6,1013.3,
2020-07-16,15.1,13,18,,,252,6.6,25.9,1016.5,
2020-07-17,15.7,12,20,,,12,3.5,24.1,1019,
2020-07-18,18,13,23,,,35,5,24.1,1019.3,
2020-07-19,19.2,14,27,,,19,4.4,18.5,1017.2,
2020-07-20,21.7,14,29,,,317,5.3,33.3,1016.6,
2020-07-21,20.1,15,24,,,41,7.1,24.1,1020,
2020-07-22,19.4,11,26,,,35,5.9,22.2,1020.7,
2020-07-23,19.5,10,27,,,339,5.1,24.1,1016.1,
2020-07-24,19.3,11,27,,,264,4.8,27.8,1012.5,
2020-07-25,20.3,13,26,,,256,5.9,27.8,1013.8,
2020-07-26,17.7,13,24,,,211,6.5,31.5,1014.3,
2020-07-27,20.5,13,27,,,194,5.5,22.2,1017.7,
2020-07-28,23.2,14,32,,,278,9.2,44.5,1012.7,
2020-07-29,20.8,13,26,,,269,7.1,33.3,1018.2,
2020-07-30,20.5,9,30,,,299,3.7,24.1,1020,
2020-07-31,22.6,11,32,,,349,4.5,22.2,1018.3,
2020-08-01,24,13,33,,,66,5.2,20.4,1015.7,
2020-08-02,19.5,17,23,,,236,4.3,25.9,1013.5,
2020-08-03,17,16,19,,,20,4.2,22.2,1011.4,
2020-08-04,14.6,13,16,,,357,4.4,24.1,1013.8,
2020-08-05,16.3,9,23,,,90,3.5,18.5,1020.3,
2020-08-06,17.9,10,24.6,,,54,6.1,22.2,1020.8,
2020-08-07,21.7,13,30,,,77,4.9,22.2,1022.1,
2020-08-08,23.1,14,32,,,53,2.6,18.5,1021.5,
2020-08-09,23.6,15,31,,,295,2.4,18.5,1019.2,
2020-08-10,22.3,16,31,,,43,5.9,29.6,1017.5,
2020-08-11,20.4,17,29,,,55,4,27.8,1019.3,
2020-08-12,22.4,16,30,,,77,5.6,25.9,1018.7,
2020-08-13,22.6,15,31,,,103,6.1,20.4,1015.2,
2020-08-14,21.9,17,26,,,241,8.8,24.1,1014.3,
2020-08-15,20.8,17,26,,,289,3.9,14.8,1014.3,
2020-08-16,21.1,15,28,,,67,6.6,27.8,1013.7,
2020-08-17,19.5,14,27,,,219,5.4,22.2,1011.8,
2020-08-18,19,16,24,,,239,4.7,29.6,1011.6,
2020-08-19,18.9,13,24,,,266,4.2,25.9,1012.3,
2020-08-20,20.7,12,29,,,123,3.1,22.2,1013.3,
2020-08-21,23.8,15,33,,,178,3.4,22.2,1014.6,
2020-08-22,20.5,17,25,,,270,5.6,29.6,1017,
2020-08-23,18.1,13,23,,,252,5.7,33.3,1017.8,
2020-08-24,16.5,11,22,,,241,6.3,31.5,1017.2,
2020-08-25,16.8,10,23,,,220,5.9,27.8,1015.2,
2020-08-26,20.5,15,24,,,245,16.3,66.7,1011,
2020-08-27,17.5,13,20,,,266,10.1,40.8,1016.3,
2020-08-28,15.9,8,26,,,168,5.7,31.5,1008.2,
2020-08-29,16.2,14,18,,,215,9.2,25.9,1007.7,
2020-08-30,15,14,17,,,26,6.1,33.3,1006.7,
2020-08-31,14.9,12,18,,,263,10.2,42.6,1015.5,
2020-09-01,14.2,10,18,,,15,3.9,25.9,1016.1,
2020-09-02,11.9,6,18,,,217,4.4,20.4,1018,
2020-09-03,14.7,7,21,,,205,6.4,27.8,1022.1,
2020-09-04,19.7,14,25,,,228,10.1,33.3,1023.6,
2020-09-05,19.3,13,25,,,296,4.9,31.5,1017.6,
2020-09-06,16.2,12,20,,,339,4.5,20.4,1018.8,
2020-09-07,15,10,20,,,17,2.3,16.7,1023.3,
2020-09-08,14.9,6,23,,,274,4.5,25.9,1027.3,
2020-09-09,16.6,8,25,,,255,4.1,25.9,1023.5,
2020-09-10,15.9,12,19,,,12,3.4,14.8,1020.5,
2020-09-11,16.6,14,23,,,57,3.3,14.8,1018.5,
2020-09-12,16.5,10,26,,,310,2.6,18.5,1020.6,
2020-09-13,18.4,11,27,,,207,3.1,20.4,1026.6,
2020-09-14,19.7,11,28,,,65,7.5,27.8,1027.9,
2020-09-15,22,16,30,,,91,4.7,22.2,1022.8,
2020-09-16,20,12,28,,,157,3.9,18.5,1018.9,
2020-09-17,16.1,11,19,,,33,6.3,33.3,1024.1,
2020-09-18,13.1,6,20,,,55,8.8,37,1027.1,
2020-09-19,13.3,7,22,,,45,6.2,37,1021.8,
2020-09-20,14.8,7,22,,,58,8.1,33.3,1017.4,
2020-09-21,14.1,6,23,,,37,3.1,22.2,1017,
2020-09-22,15.4,7,25,,,359,1.8,16.7,1013.2,
2020-09-23,15.4,10,21,,,254,5.9,20.4,1008.3,
2020-09-24,15.6,11,21,,,233,5.3,35.2,1007.9,
2020-09-25,11.7,7,14,,,232,8,33.3,999.7,
2020-09-26,7.4,7,8,,,233,8.9,29.6,997.6,
2020-09-27,8.7,5,14,,,201,9.5,31.5,1004.8,
2020-09-28,5.9,2,9,,,47,3.8,14.8,1011.7,
2020-09-29,11.7,9,16,,,246,5.3,20.4,1016.2,
2020-09-30,11.3,5,17,,,246,4.2,16.7,1016.4,
2020-10-01,10.2,5,18,,,249,1.9,14.8,1008.1,
2020-10-02,13.5,8,20,,,67,10.1,38.9,999.8,
2020-10-03,14,10,20,,,32,7.9,33.3,994.1,
2020-10-04,11.7,7,17,,,231,7.4,37,1000.9,
2020-10-05,10,7,14,,,211,7.2,27.8,1005.7,
2020-10-06,11.7,10,15,,,213,16,42.6,1008.1,
2020-10-07,11.1,10,13,,,228,14.1,40.8,1012,
2020-10-08,12.2,8,15,,,226,12.8,37,1020.6,
2020-10-09,14.7,13,17,,,218,12,31.5,1019.8,
2020-10-10,11.2,5,14,,,237,6.8,24.1,1019.1,
2020-10-11,5.8,1,9,,,265,2.9,22.2,1020.3,
2020-10-12,6.3,3,11,,,233,4.1,22.2,1017.9,
2020-10-13,5.8,3,9,,,2,2.7,22.2,1013.7,
2020-10-14,6.5,6,7,,,265,10.2,33.3,1007.9,
2020-10-15,8.5,7,11,,,285,4.9,25.9,1012.6,
2020-10-16,8.1,6,9,,,20,5,24.1,1015.7,
2020-10-17,6.8,6,9,,,305,2.9,14.8,1017.4,
2020-10-18,6.8,4,10,,,242,8.1,29.6,1020.9,
2020-10-19,5.5,1,9,,,196,4.3,20.4,1023.5,
2020-10-20,3.4,-1,9,,,129,2.3,14.8,1019.2,
2020-10-21,7.5,3,13,,,100,3.1,13,1014.8,
2020-10-22,10.1,4,18,,,192,2.8,16.7,1017.6,
2020-10-23,12.2,9,16,,,216,5.9,18.5,1015,
2020-10-24,12.6,8,16,,,232,7,27.8,1016.3,
2020-10-25,7.1,2,15,,,46,1.3,16.7,1012.6,
2020-10-26,8.7,4,11,,,191,7.5,24.1,1005.8,
2020-10-27,6.8,3,9,,,213,10.2,29.6,1012.2,
2020-10-28,5.5,-1,10,,,221,6.8,24.1,1014.7,
2020-10-29,8.6,6,10,,,226,12.8,37,1017.2,
2020-10-30,10.7,7,13,,,227,12.7,35.2,1021.1,
2020-10-31,10.5,6,12,,,245,7.4,31.5,1023.5,
2020-11-01,8.7,6,13,,,195,6.9,25.9,1019.7,
2020-11-02,15.4,13,18,,,214,13,35.2,1016.6,
2020-11-03,14,10,17,,,242,7,16.7,1022,
2020-11-04,9,7,11,,,306,4.9,14.8,1029.7,
2020-11-05,4.9,-1,10,,,27,2.4,14.8,1036.6,
2020-11-06,-0.4,-2,2,,,47,2.2,13,1037.2,
2020-11-07,0.3,-2,2,,,29,2.7,13,1031.9,
2020-11-08,0.7,-1,2,,,217,3.9,13,1028.6,
2020-11-09,1.3,0,3,,,66,4,14.8,1029.2,
2020-11-10,3.6,3,5,,,46,2.4,11.1,1028.9,
2020-11-11,4.6,3,7,,,147,3.6,13,1027.5,
2020-11-12,5.7,4,8,,,189,5.4,18.5,1023,
2020-11-13,7.4,5,12,,,222,3,14.8,1022,
2020-11-14,8.6,4,16,,,336,2.1,14.8,1021.6,
2020-11-15,4.3,1,6,,,131,5.7,14.8,1018.5,
2020-11-16,7.6,4,11,,,210,11.1,33.3,1017.5,
2020-11-17,8.6,5,11,,,226,11.2,27.8,1027.1,
2020-11-18,5.9,1,13,,,283,2.2,13,1027.6,
2020-11-19,4.7,-1,10,,,224,9,31.5,1022.6,
2020-11-20,3.2,-1,7,,,270,7.3,25.9,1030.8,
2020-11-21,-2.5,-5,1,,,221,2,18.5,1034.9,
2020-11-22,1.2,-5,6,,,232,5,18.5,1027.7,
2020-11-23,3.8,-2,7,,,231,6.4,20.4,1027.7,
2020-11-24,-1.5,-3,-1,,,124,2.8,11.1,1029.9,
2020-11-25,-0.8,-1,0,,,167,4.7,11.1,1024.6,
2020-11-26,-1.2,-2,0,,,215,6.5,11.1,1024.4,
2020-11-27,-1.4,-2,-1,,,194,4.1,7.4,1024.5,
2020-11-28,-0.8,-2,0,,,53,4.4,24.1,1023.8,
2020-11-29,1,-1,3,,,29,2.9,20.4,1023.9,
2020-11-30,-0.7,-3,4,,,227,2.6,13,1024,
2020-12-01,-1.3,-4,1,,,150,3.1,20.4,1017.5,
2020-12-02,-1.2,-2,0,,,86,10.1,33.3,1016.9,
2020-12-03,-2.5,-6,-1,,,175,5.9,20.4,1007.1,
2020-12-04,-0.8,-7,1,,,73,8.4,33.3,995.5,
2020-12-05,0.2,-3,4,,,22,5,27.8,999,
2020-12-06,7.7,5,10,,,109,15.1,42.6,998.5,
2020-12-07,4.6,2,9,,,209,10.2,31.5,1000.7,
2020-12-08,2.4,0,4,,,43,5.7,40.8,1004.2,
2020-12-09,3.5,2,4,,,80,8.1,33.3,1007,
2020-12-10,2.3,1,4,,,233,3.6,11.1,1007,
2020-12-11,2,1,4,,,133,8.6,20.4,1002,
2020-12-12,2.3,1,3,,,137,5.2,14.8,1000.8,
2020-12-13,3.5,2,5,,,217,4.4,11.1,1010.9,
2020-12-14,3.1,2,5,,,145,4.2,13,1016.1,
2020-12-15,2.9,2,4,,,110,6.2,16.7,1016.4,
2020-12-16,3.4,3,4,,,81,5.1,14.8,1020.8,
2020-12-17,2.4,1,4,,,191,6,13,1024.2,
2020-12-18,3,2,4,,,156,3.8,9.3,1027.1,
2020-12-19,1,0,3,,,116,8.5,14.8,1024.5,
2020-12-20,0.4,0,1,,,114,8.9,14.8,1024.3,
2020-12-21,1.8,0,4,,,179,4.3,13,1023.9,
2020-12-22,8.3,3,11,,,214,15.7,35.2,1016.8,
2020-12-23,11,9,12,,,213,13.7,31.5,1014.2,
2020-12-24,7.4,3,11,,,240,15.8,40.8,1009.2,
2020-12-25,1.7,0,3,,,329,4.2,20.4,1015.8,
2020-12-26,-0.5,-2,1,,,248,9.5,22.2,1022.3,
2020-12-27,-2.3,-6,0,,,160,8.2,22.2,1003.9,
2020-12-28,-0.6,-3,1,,,83,5.4,27.8,984.5,
2020-12-29,1.4,-2,7,,,221,11.4,37,991.5,
2020-12-30,-1.2,-5,4,,,255,2.9,14.8,1003.5,
2020-12-31,0.5,-3,5,,,217,3.9,14.8,1006.6,
2021-01-01,-1.1,-3,3,,,309,1.6,9.3,1007.5,
2021-01-02,-1.2,-2,0,,,47,5.3,31.5,1011.7,
2021-01-03,0.5,0,1,,,321,5.1,27.8,1010.9,
2021-01-04,0.5,0,2,,,9,3.7,18.5,1012.9,
2021-01-05,1.8,1,2,,,29,6.1,22.2,1011.7,
2021-01-06,0.2,0,1,,,346,3.9,11.1,1011,
2021-01-07,-0.2,-1,0,,,225,8.6,22.2,1012.2,
2021-01-08,-0.7,-4,0,,,213,10.9,27.8,1012.9,
2021-01-09,-0.5,-1,0,,,250,6.4,14.8,1019.2,
2021-01-10,-2.1,-6,0,,,343,1.8,11.1,1023,
2021-01-11,-5.8,-10,-2,,,243,5.2,18.5,1021,
2021-01-12,-1.5,-5,2,,,230,17.7,40.8,1009.7,
2021-01-13,0.3,-1,2,,,241,15.3,44.5,1011.6,
2021-01-14,-0.1,-2,1,,,283,9.7,40.8,1012.9,
2021-01-15,-1.9,-4,1,,,303,4.9,14.8,1020.3,
2021-01-16,-3.9,-5,-3,,,266,8.9,16.7,1022.4,
2021-01-17,-4,-5,-3,,,252,4.9,13,1018.3,
2021-01-18,-0.3,-4,3,,,231,10.2,33.3,1020.7,
2021-01-19,1.1,0,3,,,220,17.1,44.5,1015.2,
2021-01-20,2.9,-1,6,,,220,9.9,38.9,1009.1,
2021-01-21,1.2,-4,6,,,206,3,20.4,1003.2,
2021-01-22,5.2,-1,12,,,165,7.1,25.9,995.7,
2021-01-23,2.2,0,4,,,287,8.1,29.6,995.2,
2021-01-24,0.1,-1,1,,,217,12.2,42.6,996.6,
2021-01-25,-1.4,-5,1,,,248,4.6,27.8,1002.8,
2021-01-26,-1.1,-4,1,,,241,10.3,31.5,1012.6,
2021-01-27,-0.7,-3,1,,,232,10.2,22.2,1014.9,
2021-01-28,1.4,0,3,,,229,9.6,22.2,1005.3,
2021-01-29,3.9,1,7,,,253,9.5,37,998.9,
2021-01-30,2,-2,6,,,354,14,44.5,999.5,
2021-01-31,-2.3,-5,0,,,57,9,35.2,1003.2,
2021-02-01,-2.9,-6,0,,,40,4.3,25.9,998.5,
2021-02-02,3.8,0,8,,,201,7.3,29.6,1003.7,
2021-02-03,8.4,7,10,,,209,14.8,48.2,1003,
2021-02-04,6.4,0,9,,,250,13.4,55.5,1012.2,
2021-02-05,2.2,0,5,,,39,4.1,14.8,1014.9,
2021-02-06,1.4,0,2,,,38,9.2,46.3,1011.6,
2021-02-07,-2.7,-5,-1,,,39,11.7,51.8,1000.6,
2021-02-08,-5.1,-6,-3,,,17,5.5,31.5,996.6,
2021-02-09,-5.8,-8,-3,,,358,4.9,20.4,1001.5,
2021-02-10,-8.5,-10,-7,,,35,10.1,27.8,1006.8,
2021-02-11,-7.7,-11,-3,,,313,4.9,18.5,1023,
2021-02-12,-10.8,-17,-5,,,63,6.4,29.6,1031.1,
2021-02-13,-9.9,-17,-4,,,39,4.7,22.2,1037,
2021-02-14,-11.6,-17,-3,,,278,2,9.3,1040,
2021-02-15,-10.5,-17,-4,,,188,2.2,16.7,1033.8,
2021-02-16,0.8,-5,3,,,211,7.5,16.7,1021.1,
2021-02-17,4.2,-1,8,,,238,9,33.3,1018.6,
2021-02-18,5.5,1,11,,,59,3,14.8,1018.6,
2021-02-19,5.1,0,11,,,212,6.9,25.9,1018.6,
2021-02-20,4.1,-3,13,,,109,4.8,14.8,1021.2,
2021-02-21,2.3,0.7,4,,,82,7.9,22.2,1022.9,
2021-02-22,3.2,0,9,,,49,3.9,18.5,1024.8,
2021-02-23,4.2,-3,15,,,325,1.7,14.8,1034.2,
2021-02-24,6.2,-2,17,,,351,1.9,14.8,1035.6,
2021-02-25,6.6,-2,18,,,297,2,18.5,1030.8,
2021-02-26,5.5,-2,16,,,332,5.8,27.8,1029.3,
2021-02-27,2.8,-2,8,,,353,4.9,20.4,1036.4,
2021-02-28,4.2,0,9,,,78,5.3,20.4,1035.4,
2021-03-01,1.4,-4,8,,,34,4.5,27.8,1034,
2021-03-02,1.2,-2,8,,,33,3.5,22.2,1034.9,
2021-03-03,1.6,-2,6,,,177,2.8,22.2,1030.8,
2021-03-04,6.8,1,14,,,253,6.9,33.3,1017.9,
2021-03-05,1,-4,5,,,6,5.8,31.5,1021.9,
2021-03-06,-1.5,-6,5,,,186,3.9,18.5,1030.8,
2021-03-07,0.1,-6,7,,,268,4.4,22.2,1022.5,
2021-03-08,-0.8,-4,2,,,342,2.8,18.5,1019.8,
2021-03-09,0.5,-3,5,,,65,3.2,18.5,1018.4,
2021-03-10,1.5,-1,5,,,136,3.7,16.7,1018.4,
2021-03-11,5.5,-1,11,,,220,14.3,42.6,1007.3,
2021-03-12,5.5,2,8,,,234,16.7,57.4,1009.1,
2021-03-13,6.7,4,11,,,226,23.6,57.4,1004.4,
2021-03-14,4.3,2,6,,,249,14.4,48.2,1007.2,
2021-03-15,3.3,1,5,,,241,11.2,35.2,1009.6,
2021-03-16,3.4,2,5,,,279,10.7,38.9,1016.3,
2021-03-17,1.5,-1,4,,,307,4.7,27.8,1019.9,
2021-03-18,0.8,-1,5,,,334,3.6,20.4,1020.8,
2021-03-19,0.7,-1,5,,,27,6,31.5,1018.4,
2021-03-20,-2,-4,0,,,28,8,29.6,1025.4,
2021-03-21,1.3,-2,4,,,246,13,37,1017.1,
2021-03-22,3.1,-1,7,,,330,6.2,27.8,1019.2,
2021-03-23,2.8,-2,7,,,250,5.9,22.2,1024.2,
2021-03-24,6.4,2,12,,,237,6.2,24.1,1024.3,
2021-03-25,7.2,-2,16,,,284,3.5,22.2,1021.1,
2021-03-26,9.1,2,17,,,219,5.7,25.9,1020.6,
2021-03-27,6.2,2,10,,,248,11.4,53.7,1021.6,
2021-03-28,,,,,,,,,,
2021-03-29,10.7,4,19,,,236,7.9,31.5,1032.4,
2021-03-30,11.4,1,22,,,269,2.8,20.4,1032.2,
2021-03-31,12.2,1,23,,,199,3,20.4,1025.8,
2021-04-01,12.9,3,22,,,307,5.8,33.3,1018.5,
2021-04-02,7.9,3,12,,,357,5.8,25.9,1019.5,
2021-04-03,5.3,3,9,,,326,7.8,35.2,1022,
2021-04-04,4.7,-3,11,,,262,4.6,24.1,1022.7,
2021-04-05,4.5,-1,12,,,239,15.8,63,1009,
2021-04-06,-0.3,-4,4,,,247,14.5,48.2,1011,
2021-04-07,0.8,-2,4,,,250,14.2,51.8,1014.1,
2021-04-08,2.4,0,5,,,254,13,44.5,1021.6,
2021-04-09,4.8,-4,13,,,217,6.8,37,1018.3,
2021-04-10,6.8,-1,13,,,234,5.1,35.2,1014.5,
2021-04-11,10.3,1,20,,,105,3.7,22.2,1011.2,
2021-04-12,4.4,2,10,,,322,5.4,27.8,1020.3,
2021-04-13,3,0,7,,,340,4,29.6,1027.1,
2021-04-14,2.8,-1,7,,,330,5.3,29.6,1026.2,
2021-04-15,1.8,-3,8,,,3,5.3,31.5,1024.7,
2021-04-16,2.7,0,5,,,313,4.1,18.5,1022.8,
2021-04-17,3.6,2,5,,,351,4.3,16.7,1020.9,
2021-04-18,6.1,3,10,,,130,2.9,16.7,1018.9,
2021-04-19,7.8,4,11,,,52,5.3,24.1,1017.9,
2021-04-20,9.5,5,16,,,156,5.4,20.4,1015.6,
2021-04-21,9.7,3,16,,,222,6.9,27.8,1014.7,
2021-04-22,8.4,5,12,,,311,7.2,33.3,1018.9,
2021-04-23,7,-2,15,,,309,6.9,31.5,1024.8,
2021-04-24,7.6,-1,17,,,346,5.1,24.1,1023.4,
2021-04-25,7.2,0,12,,,31,6.8,29.6,1021.6,
2021-04-26,5.7,-2,12,,,44,7.4,37,1018.4,
2021-04-27,7.3,0,14,,,59,11.4,50,1011.4,
2021-04-28,10.7,2,18,,,56,6.3,27.8,1006.5,
2021-04-29,12.3,9,16,,,205,9.7,42.6,1005,
2021-04-30,10.9,4,17,,,265,7.9,27.8,1010.3,
2021-05-01,10.1,7,14,,,30,6.7,38.9,1010.7,
2021-05-02,7.3,4,9,,,299,11.1,38.9,1011.2,
2021-05-03,6.5,0,12,,,252,9.2,40.8,1019.5,
2021-05-04,9.5,0,18,,,232,16.1,59.3,1009.1,
2021-05-05,7.8,4,12,,,238,18.6,64.8,1006,
2021-05-06,6.5,1,10,,,229,12.9,44.5,1009.3,
2021-05-07,7.6,3,11,,,259,13.3,48.2,1009.9,
2021-05-08,7.8,-2,15,,,233,6.3,27.8,1019.1,
2021-05-09,14.9,3,26,,,132,6.5,27.8,1013.2,
2021-05-10,20.2,10,29,,,141,7.7,24.1,1009.2,
2021-05-11,20.1,14,28,,,119,6.2,27.8,1005.4,
2021-05-12,13,11,16,,,275,8.5,37,1007.6,
2021-05-13,9.6,8,11,,,271,9,27.8,1005.5,
2021-05-14,11.8,8,17,,,248,9.4,33.3,1007.3,
2021-05-15,10.6,5,16,,,216,5.8,29.6,1008.4,
2021-05-16,11.1,8,16,,,216,11.7,38.9,1005.8,
2021-05-17,11.2,8,15,,,242,10.9,42.6,1005.8,
2021-05-18,11.4,9,15,,,238,12,38.9,1012,
2021-05-19,9.3,6,13,,,271,6.7,29.6,1015,
2021-05-20,10.7,6,15,,,258,7.6,33.3,1019,
2021-05-21,11,5,17,,,207,11,42.6,1012.5,
2021-05-22,12.4,8,17,,,226,18,48.2,1009.1,
2021-05-23,9.4,4,14,,,227,9.7,38.9,1015.5,
2021-05-24,11.5,4,18,,,107,6.3,31.5,1015.5,
2021-05-25,10.3,6,13,,,238,14.6,50,1016.1,
2021-05-26,9,3,12,,,214,12.3,42.6,1016,
2021-05-27,10.9,7,14,,,239,13.3,42.6,1017,
2021-05-28,10.9,8,14,,,263,6.9,24.1,1021.3,
2021-05-29,10.9,7,16,,,3,3.9,27.8,1022.9,
2021-05-30,10.3,4,16,,,29,7,33.3,1024.8,
2021-05-31,11.5,3,19,,,55,3.5,25.9,1022.8,
2021-06-01,13.6,4,21,,,84,3,20.4,1019.3,
2021-06-02,16.5,7,24,,,70,8.5,37,1018.2,
2021-06-03,18.9,10,26,,,85,5.3,24.1,1022.8,
2021-06-04,18.9,9,27,,,196,4,20.4,1022.4,
2021-06-05,18.8,14,27,,,254,5,24.1,1019.4,
2021-06-06,17.8,14,23,,,211,5,18.5,1019.6,
2021-06-07,19.3,13,25,,,49,4.5,25.9,1020.1,
2021-06-08,19.6,12,26,,,36,4.6,27.8,1020.8,
2021-06-09,16.9,12,21,,,35,3.6,24.1,1021.4,
2021-06-10,17.5,10,24,,,315,4.3,22.2,1020.7,
2021-06-11,17.9,11,25,,,304,3.6,22.2,1019.2,
2021-06-12,19.8,13,26,,,264,8.4,42.6,1017.7,
2021-06-13,15.5,10,20,,,314,7.5,35.2,1024.1,
2021-06-14,15.5,6,24,,,270,3.2,18.5,1023.6,
2021-06-15,19.7,9,28,,,325,3.5,20.4,1019.2,
2021-06-16,22.6,14,29,,,95,5.8,24.1,1017.5,
2021-06-17,24.3,15,31,,,86,8.8,33.3,1016.2,
2021-06-18,25.2,17,32,,,82,5.6,25.9,1015.5,
2021-06-19,24.4,17,33,,,215,4.5,22.2,1015.4,
2021-06-20,24,16,30,,,26,5,22.2,1011.5,
2021-06-21,24.7,19,30,,,254,7,33.3,1008,
2021-06-22,20,17,23,,,15,8.4,29.6,1012.3,
2021-06-23,17.9,16,20,,,47,6.4,25.9,1018.5,
2021-06-24,19.4,16,25,,,327,4.2,27.8,1017.3,
2021-06-25,16.9,15,19,,,227,5.3,24.1,1017.8,
2021-06-26,18.1,14,24,,,7,4.7,20.4,1019.3,
2021-06-27,19.7,13,25,,,59,5.4,24.1,1017.9,
2021-06-28,21.5,13.8,28,,,61,4.7,24.1,1016.4,
2021-06-29,21,15,26,,,237,8.4,24.1,1012.4,
2021-06-30,16.9,14,21,,,232,15.1,40.8,1012.4,
2021-07-01,15.4,13,19,,,240,12.8,38.9,1014.2,
2021-07-02,14.1,13,15,,,242,7.9,27.8,1017.7,
2021-07-03,17.9,11,24,,,247,5.1,27.8,1016.9,
2021-07-04,17.8,11,24,,,159,3.6,20.4,1012.5,
2021-07-05,18,15,22,,,242,9.5,35.2,1012.9,
2021-07-06,21.4,12,30,,,66,5.4,25.9,1012.5,
2021-07-07,19,16,23,,,291,4.5,24.1,1017.8,
2021-07-08,18.8,16,24,,,25,4.9,29.6,1019.6,
2021-07-09,17,14,21,,,229,11.7,37,1018,
2021-07-10,17.7,10,25,,,257,5.1,20.4,1019.3,
2021-07-11,16.9,14,19,,,255,6.7,24.1,1017.2,
2021-07-12,17.8,13,24,,,126,4.3,20.4,1014.1,
2021-07-13,20.8,16,28,,,66,9.9,35.2,1008.9,
2021-07-14,17.8,15,23,,,235,7.7,25.9,1011.8,
2021-07-15,17.5,15,23,,,228,6.2,24.1,1014.1,
2021-07-16,19.2,12,27,,,345,3.6,20.4,1017.8,
2021-07-17,20.1,16,24,,,336,4.4,24.1,1018.8,
2021-07-18,21,17,25,,,14,6.1,33.3,1018.7,
2021-07-19,19.2,14,25,,,3,4.6,25.9,1018.7,
2021-07-20,15.7,11,21,,,33,3.8,22.2,1019.7,
2021-07-21,17.5,12,23,,,30,3.6,18.5,1022.7,
2021-07-22,18.4,11,25,,,61,4.4,18.5,1021.7,
2021-07-23,20.1,12,28,,,261,3.4,18.5,1017.2,
2021-07-24,20.6,13,28,,,73,6.4,31.5,1012.8,
2021-07-25,21.2,15,25,,,200,4.5,18.5,1011.3,
2021-07-26,21.3,15,27,,,211,5.6,18.5,1012.8,
2021-07-27,21.5,15,27,,,219,5.3,25.9,1015,
2021-07-28,19.3,15,23,,,232,6.9,31.5,1014.5,
2021-07-29,19.8,14,25,,,236,11.1,42.6,1014.8,
2021-07-30,20.1,12,28,,,254,6.5,35.2,1012,
2021-07-31,20.3,15,25,,,237,13.8,42.6,1010.8,
2021-08-01,15.1,13,19,,,321,4,24.1,1010,
2021-08-02,16.7,13,22,,,239,10.3,35.2,1014,
2021-08-03,16.5,10,23,,,215,5.6,25.9,1015.2,
2021-08-04,16.9,14,21,,,223,7.6,24.1,1014.5,
2021-08-05,15.7,14,18,,,263,3.7,16.7,1010.4,
2021-08-06,16.3,12,21,,,221,7.8,31.5,1008.4,
2021-08-07,17.3,11,23,,,205,4.7,27.8,1008.7,
2021-08-08,17.4,14,22,,,221,14.1,37,1013.7,
2021-08-09,16.5,10,24,,,212,3.3,27.8,1020.3,
2021-08-10,18.4,11,25,,,272,5.9,31.5,1018.9,
2021-08-11,19.3,14,25,,,330,4.4,31.5,1020,
2021-08-12,19.3,11,26,,,53,2.6,16.7,1022.2,
2021-08-13,21.5,13,29,,,238,4.6,24.1,1022,
2021-08-14,22.7,16,29,,,259,4.3,27.8,1021.2,
2021-08-15,22.2,15,30,,,264,3.6,27.8,1016,
2021-08-16,20.3,16,24,,,244,10,42.6,1011.8,
2021-08-17,13.4,10,17,,,247,12.6,44.5,1017.6,
2021-08-18,14.8,12,18,,,235,12.5,38.9,1017.3,
2021-08-19,17,14,20,,,228,9.2,33.3,1016.1,
2021-08-20,17.6,15,22,,,234,5.5,27.8,1017.8,
2021-08-21,17.3,11,25,,,294,2.4,16.7,1020,
2021-08-22,16,12,21,,,231,4.3,25.9,1018.1,
2021-08-23,15.1,13,17,,,254,9.9,31.5,1018.9,
2021-08-24,14.8,12,18,,,19,6.5,37,1023.3,
2021-08-25,13.7,7,20,,,214,5.5,18.5,1020.9,
2021-08-26,14.7,11,19,,,255,9.3,29.6,1011.1,
2021-08-27,13,11,16,,,248,10.7,31.5,1012.8,
2021-08-28,12.4,11,16,,,279,4.2,22.2,1015,
2021-08-29,13.5,11,17,,,212,4.9,20.4,1015.3,
2021-08-30,13.5,9,19,,,333,3.4,18.5,1014.4,
2021-08-31,14.3,12,16,,,281,6.2,27.8,1018.8,
2021-09-01,14.7,8,21,,,324,3.7,20.4,1025.2,
2021-09-02,14.5,7,22,,,55,3.9,18.5,1026.7,
2021-09-03,15.4,7,24,,,14,2,16.7,1021.9,
2021-09-04,15.6,8,24,,,28,2.7,14.8,1018.5,
2021-09-05,16.3,9,24,,,55,3.5,22.2,1021.6,
2021-09-06,16.3,9,25,,,141,2.3,16.7,1024.5,
2021-09-07,16.8,11,24,,,23,2.7,14.8,1024.1,
2021-09-08,17.4,10,24,,,71,8.1,31.5,1020.5,
2021-09-09,17.3,8,27,,,138,2,18.5,1015.8,
2021-09-10,18.5,12,26,,,128,3.7,16.7,1016.3,
2021-09-11,17,11,23,,,228,4.6,24.1,1018.4,
2021-09-12,17.7,12,24,,,296,4.7,24.1,1018.2,
2021-09-13,16.3,9,24,,,320,2.8,20.4,1018.6,
2021-09-14,16,9,24,,,12,2,14.8,1018.2,
2021-09-15,16.6,11,22,,,192,3.5,14.8,1015.4,
2021-09-16,17.9,15,21,,,247,8.7,24.1,1014.5,
2021-09-17,13.8,10,16,,,259,6.3,29.6,1015.9,
2021-09-18,14.6,10,19,,,315,5.2,24.1,1015.9,
2021-09-19,11.5,10,13,,,47,6.2,31.5,1016.2,
2021-09-20,10.8,9,14,,,51,5.1,18.5,1019.6,
2021-09-21,11,8,14,,,340,2.9,14.8,1027,
2021-09-22,12.3,9,16,,,280,6.7,25.9,1027,
2021-09-23,13.3,5,21,,,232,9.8,37,1020.4,
2021-09-24,15.5,14,17,,,248,9.7,37,1016.8,
2021-09-25,15.2,9,24,,,289,3.6,27.8,1018.5,
2021-09-26,15.7,9,24,,,76,2.6,14.8,1019,
2021-09-27,15.7,13,20,,,235,3.1,16.7,1018.4,
2021-09-28,15.3,12,19,,,329,4,16.7,1022,
2021-09-29,14,12,18,,,224,7.9,27.8,1020,
2021-09-30,10.2,5,15,,,270,7.1,33.3,1027.4,
2021-10-01,8.9,1,18,,,124,2.3,18.5,1023.4,
2021-10-02,11.5,3,22,,,195,3.8,18.5,1016.5,
2021-10-03,13.3,8,20,,,101,6.9,24.1,1011.9,
2021-10-04,13,8,19,,,6,3.9,18.5,1017,
2021-10-05,13.5,12,16,,,288,7,22.2,1011.7,
2021-10-06,11.6,7,14,,,246,9.1,27.8,1018.4,
2021-10-07,7.9,3,12,,,2,1.4,16.7,1026.8,
2021-10-08,11.6,8,15,,,40,6.1,33.3,1028.4,
2021-10-09,7.5,3,13,,,44,7.9,37,1029.4,
2021-10-10,5.2,-2,14,,,39,2.9,18.5,1027.5,
2021-10-11,5.8,-3,14,,,298,5.1,29.6,1024,
2021-10-12,8,5,11,,,249,8.4,35.2,1018,
2021-10-13,5.6,2,10,,,280,6.1,27.8,1021.5,
2021-10-14,6.5,2,9,,,229,9.5,31.5,1024.2,
2021-10-15,11,8,14,,,233,11.7,37,1018.9,
2021-10-16,6.5,1,13,,,12,2.3,16.7,1021.5,
2021-10-17,4,-1,10,,,346,1.7,13,1021.9,
2021-10-18,8,2,15,,,19,2,16.7,1025.1,
2021-10-19,8.8,3,15,,,224,7.5,25.9,1024.2,
2021-10-20,14.1,5,21,,,221,9.1,29.6,1015,
2021-10-21,13.1,10,15,,,229,18.6,66.7,1006.2,
2021-10-22,7.6,4,10,,,250,14.6,51.8,1016.1,
2021-10-23,6.7,1,11,,,262,8.1,37,1026.2,
2021-10-24,3.5,-3,12,,,64,6.5,31.5,1029.2,
2021-10-25,2.3,-4,9,,,353,2.2,11.1,1023.5,
2021-10-26,4.9,-2,12,,,273,4.1,22.2,1023.3,
2021-10-27,6.6,2,13,,,281,3.7,22.2,1026.5,
2021-10-28,3.7,2,8,,,38,1.7,14.8,1022.8,
2021-10-29,3.1,1,6,,,81,4.8,20.4,1017,
2021-10-30,2.9,0,8,,,92,4.2,20.4,1012.7,
2021-10-31,6.5,1,15,,,63,5,27.8,1011.6,
2021-11-01,3.9,0,6,,,256,1.9,13,1005.3,
2021-11-02,7.3,5,10,,,212,8.7,27.8,1002.9,
2021-11-03,6.4,1,10,,,48,6,29.6,1002.8,
2021-11-04,6.3,5,7,,,247,14.1,44.5,1002.7,
2021-11-05,6.4,5,8,,,234,12.7,37,1020.1,
2021-11-06,5.6,1,10,,,231,5.4,24.1,1028.3,
2021-11-07,3.3,-2,6,,,224,12.6,37,1019.2,
2021-11-08,6.1,3,8,,,244,7.5,27.8,1021.5,
2021-11-09,5.5,1,10,,,63,6.1,29.6,1027.9,
2021-11-10,1.8,-2,7,,,14,2.8,24.1,1026,
2021-11-11,2.3,-1,4,,,51,2.7,11.1,1024.6,
2021-11-12,3.6,2,5,,,93,5.1,14.8,1021.2,
2021-11-13,3.7,2,6,,,208,5.3,14.8,1017,
2021-11-14,5.4,5,7,,,44,5.9,31.5,1021.6,
2021-11-15,5.3,5,6,,,56,8.5,40.8,1024.8,
2021-11-16,5.9,4,8,,,50,5.6,33.3,1021.8,
2021-11-17,4.9,4,6,,,243,9.4,20.4,1021.3,
2021-11-18,6.1,5,8,,,243,11.7,25.9,1028.2,
2021-11-19,6.6,5,8,,,243,13.7,31.5,1028.7,
2021-11-20,7.3,4,9,,,238,10.1,20.4,1024.5,
2021-11-21,2.8,0,5,,,231,5.3,20.4,1012.4,
2021-11-22,4,1,6,,,28,3.7,22.2,1019.4,
2021-11-23,0.1,-4,5,,,163,4,11.1,1027.7,
2021-11-24,1.5,-1,4,,,103,6.4,24.1,1023,
2021-11-25,1.2,1,2,,,186,6.6,18.5,1010.3,
2021-11-26,0.5,0,1,,,216,6.8,16.7,1000.3,
2021-11-27,1,-2,4,,,212,5.7,16.7,993.2,
2021-11-28,0.4,-1,3,,,229,4.3,11.1,996.3,
2021-11-29,0.4,-1,2,,,250,7.9,25.9,1002.8,
2021-11-30,1.6,0,4,,,239,19.2,48.2,1006.4,
2021-12-01,5.5,3,8,,,230,22.1,48.2,1000.5,
2021-12-02,3,1,7,,,255,9.1,50,999,
2021-12-03,-0.4,-2,2,,,244,9.3,25.9,1011,
2021-12-04,0,-2,1,,,179,3.2,24.1,1001.4,
2021-12-05,1.8,-1,4,,,268,5.9,31.5,1004,
2021-12-06,0.2,-1,2,,,245,3.7,14.8,1011.8,
2021-12-07,0.5,-1,3,,,192,6.1,18.5,1010.7,
2021-12-08,-0.8,-4,1,,,83,7.4,22.2,1003.5,
2021-12-09,-0.3,-1,1,,,223,4.3,18.5,1003.8,
2021-12-10,0.3,-2,2,,,139,6.8,18.5,999.2,
2021-12-11,-0.2,-1,1,,,256,3.7,14.8,1012.4,
2021-12-12,1.5,0,3,,,225,9.1,18.5,1025.3,
2021-12-13,4,2,6,,,222,7.9,16.7,1027.1,
2021-12-14,4.1,2,5,,,234,5.3,13,1027.7,
2021-12-15,4.4,3,7,,,216,6.7,13,1031.4,
2021-12-16,5.5,4,7,,,250,7.6,14.8,1034.3,
2021-12-17,2.3,-1,6,,,254,6.7,16.7,1036.2,
2021-12-18,2.3,0,4,,,253,7.5,11.1,1035.3,
2021-12-19,3.5,3,4,,,250,14.1,35.2,1024.5,
2021-12-20,1.1,-2,4,,,289,7,20.4,1023.5,
2021-12-21,-2.9,-6,0,,,349,1.9,9.3,1024.8,
2021-12-22,-6.7,-8,-4,,,3,1,11.1,1026,
2021-12-23,-4.2,-9,2,,,222,4.9,29.6,1015.1,
2021-12-24,6.1,3,8,,,235,16.5,44.5,1003.9,
2021-12-25,-0.3,-3,6,,,35,8.7,37,1007.8,
2021-12-26,-4.6,-6,-3,,,35,6.7,31.5,1011.1,
2021-12-27,-2.8,-5,-1,,,51,4.3,18.5,1007.8,
2021-12-28,-0.1,-2,3,,,139,4.2,29.6,1002.4,
2021-12-29,5.4,2,8,,,226,9.5,24.1,1006.3,
2021-12-30,9.7,6,13,,,231,11.2,25.9,1016.5,
2021-12-31,11.3,10,13,,,234,13.5,31.5,1021.1,
2022-01-01,10.2,5,12,,,232,11.4,27.8,1025.4,
2022-01-02,5,-1,9,,,241,5.6,31.5,1018.9,
2022-01-03,7.9,6,10,,,229,15.9,44.5,1013.4,
2022-01-04,8,5,11,,,227,13.8,38.9,999.6,
2022-01-05,2.6,1,5,,,234,16.2,46.3,1003,
2022-01-06,0.5,-5,3,,,259,9.1,38.9,1015.2,
2022-01-07,-2.3,-7,2,,,215,7.8,25.9,1017.5,
2022-01-08,-0.2,-3,1,,,210,9.1,25.9,1010.5,
2022-01-09,0.6,-3,4,,,213,9.7,31.5,1001,
2022-01-10,1,-2,4,,,289,2.6,16.7,1017.3,
2022-01-11,-0.6,-2,2,,,53,4.9,16.7,1032,
2022-01-12,-2.2,-4,0,,,217,7.2,11.1,1036.9,
2022-01-13,-0.2,-2,2,,,230,11.3,18.5,1038.2,
2022-01-14,1.2,-3,6,,,239,11.1,24.1,1032.1,
2022-01-15,0.5,-5,4,,,325,2.9,9.3,1028.6,
2022-01-16,-1.1,-5,1,,,230,9.4,37,1024,
2022-01-17,2.5,1,3,,,254,16.2,46.3,1026.2,
2022-01-18,1.3,-1,3,,,261,5.7,14.8,1035.1,
2022-01-19,1.7,0,4,,,204,10.2,38.9,1026.3,
2022-01-20,1.4,-2,3,,,263,14.8,38.9,1018.8,
2022-01-21,-2,-6,1,,,265,10.6,35.2,1026.4,
2022-01-22,2.8,1,5,,,268,10.3,35.2,1026.3,
2022-01-23,3.5,2,5,,,275,7.5,14.8,1032,
2022-01-24,2.8,2,4,,,53,2.6,7.4,1033.5,
2022-01-25,1.5,1,2,,,269,5.7,16.7,1031.5,
2022-01-26,0.3,0,1,,,245,10.4,22.2,1028.9,
2022-01-27,0,-1,2,,,243,16.8,48.2,1023.4,
2022-01-28,2.7,1,4,,,269,13.1,40.8,1026.5,
2022-01-29,2.9,0,6,,,233,17.7,55.5,1024.1,
2022-01-30,4.7,2,7,,,268,18.7,57.4,1019.9,
2022-01-31,1.8,1,3,,,239,12.7,37,1009,
2022-02-01,1.3,0,2,,,260,13.4,50,1011.4,
2022-02-02,3.5,2,5,,,276,13.3,46.3,1011.9,
2022-02-03,3,0,7,,,223,6.5,18.5,1019,
2022-02-04,5.1,3,7,,,232,12.8,38.9,1012.8,
2022-02-05,3.2,2,6,,,251,16,44.5,1018.7,
2022-02-06,4.1,3,6,,,230,24.7,64.8,1010.3,
2022-02-07,2.5,0,5,,,269,13.2,51.8,1012.8,
2022-02-08,4,1,6,,,246,14.4,38.9,1027.8,
2022-02-09,6.2,4,8,,,232,12.5,33.3,1027.5,
2022-02-10,5.2,-1,10,,,264,7.5,35.2,1021.8,
2022-02-11,3.7,2,5,,,248,13.9,46.3,1023.6,
2022-02-12,1.4,-3,6,,,139,6.8,24.1,1030.7,
2022-02-13,0.7,-6,10,,,196,3.9,22.2,1020.5,
2022-02-14,1.8,-5,9,,,119,3.3,16.7,1010.6,
2022-02-15,3.8,1,8,,,236,7.3,24.1,1012.5,
2022-02-16,5.4,1,9,,,213,22.8,59.3,1007.6,
2022-02-17,8.7,5,12,,,258,26.2,77.8,1001.3,
2022-02-18,7.5,2,12,,,226,16.3,61.1,1007.7,
2022-02-19,5.6,0,9,,,247,20.7,63,1012.8,
2022-02-20,5.4,0,9,,,229,23.3,53.7,1012.3,
2022-02-21,6,3,9,,,238,24.9,64.8,1002,
2022-02-22,4.6,2,7,,,257,14.3,46.3,1015.1,
2022-02-23,5.6,-1,9,,,247,12.6,40.8,1023.3,
2022-02-24,3.4,-5,11,,,191,8.7,35.2,1016.7,
2022-02-25,3.2,1,7,,,248,15.6,48.2,1020.7,
2022-02-26,2.5,0,5,,,301,8.6,22.2,1030.3,
2022-02-27,2,-1,6,,,49,8.9,35.2,1033.4,
2022-02-28,-0.9,-7,4,,,61,8.3,33.3,1032.8,
2022-03-01,-1,-7,6,,,53,5.4,29.6,1031.3,
2022-03-02,-1.5,-8,6,,,0,1.7,14.8,1024.3,
2022-03-03,-1.1,-8,7,,,29,4.5,27.8,1018.6,
2022-03-04,-1.5,-6,2,,,50,5.4,27.8,1020.5,
2022-03-05,-0.3,-5,3,,,42,4.3,27.8,1021.7,
2022-03-06,-0.4,-2,3,,,41,6.3,24.1,1021.8,
2022-03-07,-0.4,-3,5,,,41,5,25.9,1023.8,
2022-03-08,0.5,-7,8,,,31,2.9,25.9,1023.8,
2022-03-09,1.6,-7,11,,,354,2.4,16.7,1024.8,
2022-03-10,1.8,-7,10,,,40,7,37,1027.6,
2022-03-11,1,-5,7,,,87,19.7,55.5,1026.1,
2022-03-12,3.3,-2,10,,,90,17.3,42.6,1023.4,
2022-03-13,3.5,-4,12,,,62,12.2,40.8,1020.6,
2022-03-14,4.3,-2,11,,,272,7.3,35.2,1026.3,
2022-03-15,3.3,-3,11,,,74,3.1,16.7,1026.4,
2022-03-16,6.8,2,11,,,96,6.8,22.2,1025.3,
2022-03-17,6.1,1,11,,,56,8.5,35.2,1028.2,
2022-03-18,6.8,4,11,,,35,7.4,37,1037.7,
2022-03-19,3.3,-4,8,,,39,10,50,1037.8,
2022-03-20,5.6,1,11,,,78,16.9,55.5,1034.4,
2022-03-21,5.5,-2,13,,,79,10.2,31.5,1034.3,
2022-03-22,7.8,-2,17,,,76,9.5,33.3,1033.1,
2022-03-23,7.6,-3,19,,,317,2,20.4,1030,
2022-03-24,7.8,-2,18,,,5,3.4,22.2,1027.7,
2022-03-25,7.6,-2,16,,,26,4.4,29.6,1027.8,
2022-03-26,7.2,-2,16,,,342,2.8,20.4,1028.9,
2022-03-27,,,,,,,,,,
2022-03-28,9.5,0,19,,,254,5.8,33.3,1022.3,
2022-03-29,9.1,2,16,,,342,4.6,29.6,1010.4,
2022-03-30,7.5,5,9,,,39,5.8,29.6,1002.4,
2022-03-31,3.5,3,4,,,37,8.1,37,997.8,
2022-04-01,1.4,0,2,,,36,8.3,35.2,998.8,
2022-04-02,0.9,-1,3,,,22,8.4,37,1007.2,
2022-04-03,0.8,-2,4,,,350,6,24.1,1017.1,
2022-04-04,1.1,-5,6,,,233,15.7,51.8,1014.3,
2022-04-05,5.4,3,8,,,240,19.5,50,1007.3,
2022-04-06,10.5,8,14,,,230,17.2,46.3,1005.4,
2022-04-07,10.8,7,15,,,225,24.5,61.1,995.9,
2022-04-08,6.8,4,10,,,254,15.5,57.4,997.7,
2022-04-09,3.9,1,8,,,280,12.5,50,1005.1,
2022-04-10,3.2,-1,8,,,260,10.6,42.6,1017.6,
2022-04-11,5,-2,13,,,122,4,22.2,1020,
2022-04-12,8.5,-2,18,,,64,7.2,35.2,1017.4,
2022-04-13,12.4,4,20,,,60,6.7,27.8,1017.5,
2022-04-14,13.5,3,21,,,6,5.5,20.4,1018.3,
2022-04-15,12,7,17,,,333,6.8,38.9,1022.6,
2022-04-16,6.8,3,10,,,33,8.7,42.6,1029.1,
2022-04-17,5.5,-2,13,,,33,5.9,35.2,1028,
2022-04-18,6.2,-1,14,,,4,4,24.1,1019,
2022-04-19,5.8,1,13,,,72,6.5,37,1012.9,
2022-04-20,4.9,-2,11,,,48,5.4,24.1,1015.1,
2022-04-21,7.9,5,13,,,59,6.4,31.5,1011.4,
2022-04-22,8.6,5,12,,,51,12.6,51.8,1006.3,
2022-04-23,10.5,8,15,,,70,11.2,44.5,1006.3,
2022-04-24,9,7,11,,,27,7.4,42.6,1001.1,
2022-04-25,8.6,5,12,,,356,4.1,24.1,1008,
2022-04-26,8.1,3,13,,,56,6.7,27.8,1014.9,
2022-04-27,10.6,7,15,,,50,5.4,27.8,1021.7,
2022-04-28,10.9,3,18,,,20,3.3,24.1,1027.2,
2022-04-29,11.3,4,18,,,80,5,24.1,1026.8,
2022-04-30,11.8,6,18,,,49,5.6,31.5,1021.5,
2022-05-01,12.1,6,18,,,42,4,22.2,1019.8,
2022-05-02,12.4,8,19,,,54,5.2,31.5,1017.4,
2022-05-03,12.4,8,20,,,46,4.4,29.6,1015.5,
2022-05-04,13.5,9,20,,,98,5.8,25.9,1016.8,
2022-05-05,13.3,9,19,,,10,4.5,22.2,1019.1,
2022-05-06,12.7,8,17,,,41,6.7,33.3,1022.6,
2022-05-07,13,8.2,19,,,55,8.9,29.6,1022.4,
2022-05-08,13.5,5,21,,,36,4.9,29.6,1023.5,
2022-05-09,15,7,21,,,64,5.4,31.5,1025.6,
2022-05-10,16.1,6,24,,,213,4.5,24.1,1021.8,
2022-05-11,19.3,12,26,,,249,9,38.9,1016.1,
2022-05-12,19.3,13,24,,,243,11.8,50,1016.5,
2022-05-13,18.1,13,22,,,250,12.6,46.3,1018.3,
2022-05-14,15.6,6,23,,,297,5.5,29.6,1020.8,
2022-05-15,16.5,7,24,,,56,5.3,27.8,1020.3,
2022-05-16,17.5,9,26,,,215,6.2,29.6,1018.7,
2022-05-17,17.2,14,22,,,287,8.3,31.5,1020.2,
2022-05-18,16.5,8,23,,,94,6.7,27.8,1025.2,
2022-05-19,18.4,8,27,,,133,3.6,22.2,1023.2,
2022-05-20,20.9,14,29,,,216,8.3,33.3,1020.3,
2022-05-21,17,14,20,,,265,13,50,1019.2,
2022-05-22,15.9,9,22,,,308,4.2,25.9,1016.6,
2022-05-23,15.8,8,21,,,90,8.4,35.2,1009.3,
2022-05-24,16.2,14,18,,,217,10.8,31.5,1008.1,
2022-05-25,14.8,12,19,,,228,6.9,27.8,1015.9,
2022-05-26,14.8,8,19,,,236,10.2,44.5,1021.1,
2022-05-27,14.3,10,18,0,,240,13.1,42.6,1019,
2022-05-28,11.8,7,16,0.7,,274,8.2,42.6,1017.2,
2022-05-29,9.3,3,14,2.7,,63,4.5,31.5,1012.8,
2022-05-30,12,6,18,0.1,,219,5.4,31.5,1012,
2022-05-31,13.4,4,21,1.8,,47,4.8,31.5,1014.3,
2022-06-01,15.9,8,22,0,,236,7.6,29.6,1014.7,
2022-06-02,16.7,9,22,0,,214,5.8,27.8,1019.4,
2022-06-03,18.8,9,27,5.1,,58,7.3,,1018.7,
2022-06-04,18.8,14,25,0.8,,307,4.2,,1018.2,
2022-06-05,17.9,12.8,25,13.7,,56,7,,1017.7,
2022-06-06,19.1,15,24,3.7,,238,10.4,,1016.8,
2022-06-07,16.6,14,20,2.4,,222,6.9,,1015.3,
2022-06-08,17.4,11,23,0.1,,237,4.1,,1011.3,
2022-06-09,15.5,14,17,0,,275,6,,1012.5,
2022-06-10,17.9,12,23,0,,311,4.4,,1022,
2022-06-11,18.8,10,25,0,,292,3.9,,1023.2,
2022-06-12,21.2,12,28,0,,236,6.2,,1021.1,
2022-06-13,18.7,15,23,4.1,,274,8.6,,1018,
2022-06-14,16.1,9,22,0,,138,4.2,24.1,1022,
2022-06-15,19.2,9,27,0,,96,4,20.4,1019.2,
2022-06-16,20.5,12,28,0.1,,47,4.6,25.9,1017.5,
2022-06-17,19.1,12,25,0,,28,4.1,22.2,1023.8,
2022-06-18,22.9,12,31,0,,234,8.4,37,1020.6,
2022-06-19,25.8,15,34,0,,190,7.7,37,1011.7,
2022-06-20,21.8,14,28,9.2,,296,9.8,46.3,1010.6,
2022-06-21,16.2,7,23,0,,314,6,22.2,1015.3,
2022-06-22,20,10,28,0,,150,5.4,20.4,1012.5,
2022-06-23,22.9,15,29,0,,83,6.8,24.1,1013.7,
2022-06-24,19.3,15,22,11.1,,139,5.6,22.2,1011,
2022-06-25,19.4,16,23,2.7,,235,9.3,29.6,1013.4,
2022-06-26,21.7,15,30,0,,123,4.6,20.4,1015.6,
2022-06-27,25,17,33,6.7,,134,6.2,25.9,1014.4,
2022-06-28,21.1,18,25,3.6,,40,10.1,29.6,1020.3,
2022-06-29,19.9,16,24,13.4,,70,6.9,29.6,1015.8,
2022-06-30,23.1,18,29,0,,142,5.6,20.4,1013.2,
2022-07-01,18.6,13,22,1.3,,259,8.5,38.9,1016.8,
2022-07-02,16.8,8,24,0,,216,6.8,24.1,1024.3,
2022-07-03,20.9,10,30,0,,207,6.7,27.8,1019.4,
2022-07-04,21.1,13,28,0,,298,4.9,29.6,1017.8,
2022-07-05,21.6,17,27,3.6,,31,5.2,24.1,1019,
2022-07-06,18.7,12,25,0.4,,326,6,31.5,1020.9,
2022-07-07,14.3,10,17,3.7,,235,7,33.3,1020.7,
2022-07-08,15.5,10,20,4.5,,283,8.3,31.5,1026.6,
2022-07-09,16.6,11,21,3.3,,285,6.1,31.5,1025.2,
2022-07-10,14.8,12,17,0,,305,7,37,1021.7,
2022-07-11,16.6,11,23,0.1,,292,6,29.6,1021.8,
2022-07-12,17.8,10,26,0,,321,4.1,29.6,1023.7,
2022-07-13,20.6,10,30,0,,247,7.6,33.3,1022.3,
2022-07-14,23.1,17,31,3.1,,295,6.5,37,1017.1,
2022-07-15,16.6,10,23,0,,330,4.6,31.5,1020.4,
2022-07-16,17.2,9,24,0,,291,6.8,40.8,1021.5,
2022-07-17,17.8,7,27,0,,349,4.2,22.2,1026.3,
2022-07-18,20.8,9,30,0,,242,3.8,20.4,1024.8,
2022-07-19,23.5,12,33,0,,112,4.6,20.4,1022,
2022-07-20,25.7,15,34,0,,78,9.4,35.2,1018.8,
2022-07-21,23,19,28,10,,243,8.5,33.3,1020,
2022-07-22,23.6,15,31,0,,305,3.6,27.8,1018.9,
2022-07-23,22,17,28,1.6,,263,8.7,35.2,1017.4,
2022-07-24,21.6,14,30,0,,49,4.4,22.2,1020.3,
2022-07-25,25.4,14,34,0,,188,5.7,29.6,1013.6,
2022-07-26,23.8,21,28,0,,267,10,37,1013.9,
2022-07-27,18.4,13,21,1.5,,39,6.9,29.6,1016.8,
2022-07-28,18.7,9,26,0,,55,8.2,35.2,1017.8,
2022-07-29,20,15,27,2.4,,55,7,22.2,1016.2,
2022-07-30,19,16,24,9.2,,270,8,33.3,1016.5,
2022-07-31,20.2,12,26,0.1,,253,6.9,33.3,1017.7,
2022-08-01,22,16,27,0.8,,278,7.1,33.3,1016.1,
2022-08-02,22.2,14,29,0.1,,170,4.5,20.4,1018.5,
2022-08-03,24.3,15,32,0,,168,4.6,20.4,1017.8,
2022-08-04,25.5,15,34,0,,103,5.9,24.1,1016.4,
2022-08-05,25.7,15,34,0,,320,5.6,27.8,1014.5,
2022-08-06,18.2,14,24,1.3,,30,7.2,31.5,1023.6,
2022-08-07,17.7,10,24,0,,54,7.7,33.3,1023.7,
2022-08-08,18.5,10,26,0,,52,6.4,29.6,1023.5,
2022-08-09,18.8,10,25,0,,45,6.8,31.5,1026,
2022-08-10,19.2,10,27,0,,54,6.9,33.3,1026,
2022-08-11,19.7,12,26,0,,57,9.3,37,1022.8,
2022-08-12,18.2,10,25,0.6,,47,10,38.9,1020.3,
2022-08-13,19,10,26,0.4,,34,5,27.8,1017.1,
2022-08-14,21.2,16,27,0.2,,83,6.8,27.8,1011.9,
2022-08-15,22,14,28,0.9,,218,6.6,29.6,1007,
2022-08-16,22.6,15,29,0,,235,7.4,29.6,1011.1,
2022-08-17,23.4,13,33,0,,46,3.6,20.4,1012.2,
2022-08-18,23.5,17,31,4.3,,10,5.1,24.1,1010.3,
2022-08-19,20.8,18,25,6.8,,255,5,22.2,1011.2,
2022-08-20,17,16,18,19.9,,263,5.3,25.9,1015.5,
2022-08-21,19,15,23,2.3,,328,5.1,20.4,1016.2,
2022-08-22,15.1,11,19,0.4,,30,3,24.1,1016.7,
2022-08-23,16.9,12,21,0.1,,36,3.4,18.5,1018.2,
2022-08-24,18.7,16,23,1.3,,53,3.2,22.2,1020.6,
2022-08-25,20.1,14,27,0.1,,58,5,29.6,1018.4,
2022-08-26,20.4,17,25,2,,107,3.9,14.8,1014.1,
2022-08-27,19,15,23,3.9,,243,4.1,20.4,1013.2,
2022-08-28,19.1,17,22,0.6,,20,2.5,18.5,1016.5,
2022-08-29,18.5,12,25,0,,11,3,16.7,1020.2,
2022-08-30,18,12,24,0,,50,5.9,22.2,1020.4,
2022-08-31,16.4,13,19,2.8,,39,5,27.8,1020.4,
2022-09-01,15.8,11,21,0.1,,52,6.6,33.3,1020.8,
2022-09-02,14.3,7,20,0,,54,8.3,35.2,1018.8,
2022-09-03,15.2,8,22,2.5,,58,6,27.8,1016.4,
2022-09-04,18.3,14,25,0.5,,89,3.4,14.8,1020.1,
2022-09-05,18,11,25,0.4,,61,5.8,22.2,1023,
2022-09-06,18.2,13,26,0.2,,88,4.8,16.7,1019.7,
2022-09-07,18.2,13,26,0,,140,3.7,22.2,1015.6,
2022-09-08,16.8,13,20,5,,199,7.5,27.8,1011.9,
2022-09-09,15.3,10,21,0.4,,200,6.9,29.6,1014.4,
2022-09-10,13.6,10,17,0.8,,234,7,33.3,1015,
2022-09-11,15.2,13,19,1.9,,265,5.8,27.8,1016.6,
2022-09-12,14.8,10,20,0,,2,2.2,16.7,1017.8,
2022-09-13,14.8,8,22,1,,241,5.6,27.8,1012.5,
2022-09-14,16.6,15,20,8.6,,207,6.1,20.4,1007,
2022-09-15,15.9,13,17,21.9,,254,7.8,27.8,1005.4,
2022-09-16,12.2,9,15,0.1,,237,9.7,35.2,1008.8,
2022-09-17,9.2,7,12,3.7,,243,12,37,1009.5,
2022-09-18,9.1,7,13,5.4,,254,13.1,44.5,1011.7,
2022-09-19,9.3,6,14,4.2,,252,12,40.8,1014.5,
2022-09-20,9.2,7,12,5,,272,6.9,25.9,1020.1,
2022-09-21,8.6,4,14,0.3,,350,3.7,16.7,1025.4,
2022-09-22,8.8,5,16,0.3,,23,2.8,14.8,1023.9,
2022-09-23,7.9,2,16,0,,14,2,14.8,1019.7,
2022-09-24,10.2,4,17,0.3,,335,2.6,14.8,1014,
2022-09-25,12.9,9,17,5.2,,190,4,13,1011.7,
2022-09-26,12,9,16,0.5,,230,8.4,31.5,1006.9,
2022-09-27,10,7,12,1.1,,219,12.8,42.6,999.5,
2022-09-28,8,5,12,4.5,,218,8.1,38.9,998.6,
2022-09-29,7.9,3,14,0,,26,2.2,16.7,1003.4,
2022-09-30,10.3,8,14,1,,60,2.9,14.8,1010.8,
2022-10-01,9.3,5,12,2.4,,239,10.5,37,1012.4,
2022-10-02,11.1,8,14,0.8,,234,9.7,37,1017.6,
2022-10-03,11.1,8,14,0.1,,265,9.9,38.9,1023.6,
2022-10-04,11.7,8,17,0,,232,5.6,20.4,1023.6,
2022-10-05,10.3,3,19,0,,205,5.1,24.1,1022.8,
2022-10-06,12.9,6,17,0,,275,5.6,29.6,1028.1,
2022-10-07,9.4,6,16,0,,9,1.9,14.8,1026.1,
2022-10-08,10.7,7,17,0.7,,253,4.9,27.8,1020.6,
2022-10-09,8.3,3,15,0,,59,5.6,33.3,1025.3,
2022-10-10,10.9,5,17,0,,114,5.8,25.9,1019.8,
2022-10-11,10.4,8,14,0.6,,37,4,22.2,1024.1,
2022-10-12,11.3,7,17,0.8,,56,4,18.5,1024.7,
2022-10-13,10,5,16,0,,255,3.2,18.5,1021.3,
2022-10-14,12.2,9,16,6.5,,214,5.8,24.1,1017,
2022-10-15,13.8,12,17,5.4,,199,7.9,24.1,1012,
2022-10-16,16.8,14,22,0,,204,5.5,27.8,1019.1,
2022-10-17,12.1,8,18,0,,107,3.1,13,1025.9,
2022-10-18,12.3,9,20,1.9,,230,3.1,20.4,1026.6,
2022-10-19,11,5,14,0,,35,4.2,24.1,1026.8,
2022-10-20,7.2,3,14,0,,50,7.8,37,1022.3,
2022-10-21,8.2,5,12,0.9,,74,3.7,14.8,1015.9,
2022-10-22,11.4,7,17,4.8,,234,5.9,25.9,1016.5,
2022-10-23,9.6,6,16,0,,15,2.2,13,1017.9,
2022-10-24,13.3,10,17,0,,212,8.3,24.1,1016.2,
2022-10-25,12.7,8,17,0,,232,8.2,37,1018.7,
2022-10-26,9.2,5,14,0.4,,232,1.8,14.8,1021.1,
2022-10-27,11.2,7,20,0,,336,1.8,13,1027.1,
2022-10-28,11.3,7,19,0,,194,2,13,1025.8,
2022-10-29,13.5,8,21,0,,294,2,16.7,1024.1,
2022-10-30,12.4,7,20,0,,323,1.7,13,1021.9,
2022-10-31,11.1,5,20,0,,13,2.4,18.5,1020.8,
2022-11-01,10.7,7,16,0,,234,4.5,18.5,1019.6,
2022-11-02,9.8,4,14,0,,244,7.9,33.3,1023.5,
2022-11-03,4.7,0,11,0,,64,2.4,18.5,1016.6,
2022-11-04,7.6,6,9,10.5,,231,5.4,18.5,1007.1,
2022-11-05,6.9,3,10,0.3,,251,4.3,16.7,1016.9,
2022-11-06,6,3,12,0,,123,3.1,14.8,1018.3,
2022-11-07,8.8,4,14,0.3,,214,10.2,29.6,1017.1,
2022-11-08,7.2,1,15,0,,292,1.2,16.7,1016.3,
2022-11-09,7.3,2,12,0.8,,165,3.2,14.8,1015.6,
2022-11-10,9,5,12,1.9,,234,8.6,27.8,1025.8,
2022-11-11,4.4,0,9,0,,238,2.8,13,1033.4,
2022-11-12,3.5,0,12,0,,354,0.8,9.3,1033.2,
2022-11-13,2.5,0,6,0,,40,6.4,40.8,1026.8,
2022-11-14,5,3,10,0,,57,5.1,33.3,1019.4,
2022-11-15,3.3,3,4,0,,83,4.4,18.5,1014.3,
2022-11-16,4,3,6,4,,169,4,13,1005.1,
2022-11-17,5.8,5,8,3.3,,120,3.8,14.8,1000,
2022-11-18,4.2,-1,6,4.1,,0,5.1,27.8,1001.3,
2022-11-19,-2,-3,-1,4.3,,48,5.6,25.9,1011.2,
2022-11-20,-0.4,-2,2,1.4,,247,4.1,16.7,1010.1,
2022-11-21,3.1,-2,6,2,,221,10,35.2,1003.9,
2022-11-22,0.7,-1,2,0,,95,2.8,14.8,1000.9,
2022-11-23,2.8,1,5,0,,175,2.5,11.1,1005.2,
2022-11-24,5.3,2,9,2.1,,222,7.8,20.4,1012,
2022-11-25,3.3,0,6,1.6,,229,4.2,13,1018.8,
2022-11-26,5.3,-1,9,0,,254,6.2,18.5,1028.3,
2022-11-27,-0.5,-2,1,0,,92,2.6,9.3,1027.2,
2022-11-28,1.4,0,3,0,,63,4,16.7,1017.1,
2022-11-29,2.4,2,3,1.2,,81,6,14.8,1018.1,
2022-11-30,2,2,3,0,,65,6.6,25.9,1022.3,
2022-12-01,2.4,1,5,0.2,,38,6.6,31.5,1023.1,
2022-12-02,0.1,0,1,2.3,,39,8.5,33.3,1020.7,
2022-12-03,0.5,0,1,0.8,,44,6.2,37,1019,
2022-12-04,3.3,1,5,0,,53,9.4,38.9,1014.9,
2022-12-05,3.7,3,5,1.2,,214,6.4,22.2,1017,
2022-12-06,2.5,1.7,3,0.9,,236,8.8,20.4,1016.6,
2022-12-07,1.8,0,3,0.2,,236,11.2,31.5,1013.7,
2022-12-08,1.2,-3,4,0,,221,9.5,22.2,1009.3,
2022-12-09,-1.7,-5,0,0,,35,4.3,24.1,1004.9,
2022-12-10,0.2,-1,1,0,,24,3.1,16.7,1005.5,
2022-12-11,-2.3,-4,-1,2.4,,282,4.9,16.7,1007.3,
2022-12-12,-4.3,-7.1,-1,0,,246,7.8,18.5,1010,
2022-12-13,-7.3,-11,-3,0,,14,3,18.5,1011.2,
2022-12-14,-5.9,-8,-4,2.4,,24,6.4,29.6,1003.4,
2022-12-15,-5,-8,-2,0,,335,3.4,33.3,1006.7,
2022-12-16,-3.1,-5,-2,3.5,,26,4.6,35.2,1008.9,
2022-12-17,-4.7,-12,-1,0.1,,312,2.5,13,1023.8,
2022-12-18,-9.5,-12,-7,0,,66,3.7,20.4,1032.8,
2022-12-19,-5.6,-8,-3,0.3,,90,3.2,14.8,1028.8,
2022-12-20,-1.8,-5,1,0,,80,2,11.1,1022.4,
2022-12-21,0.6,-1,4,0,,336,1.7,18.5,1015.8,
2022-12-22,6.9,3,10,4,,218,15.4,37,1009.5,
2022-12-23,8.1,7,10,7.4,,213,9.5,27.8,1006.7,
2022-12-24,8.7,6,11,0.4,,243,12.1,37,1013.4,
2022-12-25,6.5,3,10,0,,143,2.4,11.1,1018.2,
2022-12-26,7.3,2,11,3.4,,226,10.1,35.2,1016.6,
2022-12-27,2.9,-1,7,0.9,,241,11.1,40.8,1025.5,
2022-12-28,3.1,-3,7,0,,215,12.5,27.8,1020.2,
2022-12-29,8.6,5,12,0,,210,15.9,35.2,1012.5,
2022-12-30,6.9,5,9,3.2,,208,10.3,29.6,1015.6,
2022-12-31,12.3,9,16,0,,208,15.4,40.8,1017.3,
2023-01-01,11.2,6,16,0,,209,9.2,22.2,1021.3,
2023-01-02,6.5,1,14,0,,203,5.1,18.5,1020.7,
2023-01-03,6.5,0,11,0,,240,7.5,18.5,1028.6,
2023-01-04,4,-2,9,0.1,,237,14.8,48.2,1023.8,
2023-01-05,8.7,7,10,2,,247,14.3,50,1018.3,
2023-01-06,8,6,11,0.1,,221,10.9,22.2,1021.4,
2023-01-07,6.7,0,10,0.1,,192,6.2,13,1018.3,
2023-01-08,0.9,-3,4,0,,151,4.1,13,1009.5,
2023-01-09,3.9,2,6,1.2,,214,8.1,29.6,1003.1,
2023-01-10,3.8,0,6,0.3,,241,9.8,31.5,1017.7,
2023-01-11,4.8,-1,8,0.8,,215,13.4,29.6,1016.8,
2023-01-12,6.7,5,8,0.6,,217,17.8,42.6,1016.6,
2023-01-13,7.6,6,10,1.2,,224,19,42.6,1012.5,
2023-01-14,5.9,4,8,0,,215,15.5,40.8,1015.7,
2023-01-15,6.8,2,10,2.8,,233,22,50,1005.3,
2023-01-16,3.4,1,7,0,,168,11.4,29.6,995.7,
2023-01-17,2.6,0,5,0,,249,13.3,40.8,987.8,
2023-01-18,0.8,-1,2,0,,266,6.9,22.2,992.3,
2023-01-19,-1.2,-4,0,0,,244,7.6,22.2,1006.6,
2023-01-20,-0.7,-2,1,0.5,,284,3.2,14.8,1014.3,
2023-01-21,-1.6,-3,0,1.7,,3,4.7,27.8,1020.1,
2023-01-22,-0.4,-2,1,1.9,,25,3.1,16.7,1024.7,
2023-01-23,0.5,-1,1,0,,37,7.5,37,1031.8,
2023-01-24,0.8,0,2,0,,43,6.4,31.5,1035,
2023-01-25,0.4,-1,1,0,,70,5.1,18.5,1030.3,
2023-01-26,-1.1,-2,-1,0,,203,5.4,9.3,1019.8,
2023-01-27,-1.1,-2,-1,0.8,,26,4.7,20.4,1019.7,
2023-01-28,-1.3,-3,0,0,,33,5.6,20.4,1024.5,
2023-01-29,-3.3,-6,-1,0,,240,7.4,18.5,1025.8,
2023-01-30,0.6,-2,3,0.6,,244,19.8,46.3,1015.6,
2023-01-31,2.8,2,3,2,,252,16.8,42.6,1019.7,
2023-02-01,3.5,1,5,4.8,,249,17.6,51.8,1016.1,
2023-02-02,1.8,0,3,1.2,,249,9.8,40.8,1019.5,
2023-02-03,4.3,1,7,5,,250,18.1,51.8,1022,
2023-02-04,2,-2,5,0.5,,331,8.8,42.6,1031.4,
2023-02-05,-2.1,-6,1,0,,53,3.6,11.1,1036,
2023-02-06,-4.2,-8,0,0,,45,4.3,16.7,1036.9,
2023-02-07,-4.5,-9,1,0,,32,2.9,18.5,1039.3,
2023-02-08,-4.9,-9,-1,0,,54,8.7,37,1039.1,
2023-02-09,-3.3,-8,2,0,,168,4.7,22.2,1033.6,
2023-02-10,-2.8,-7,2,0,,236,6.9,16.7,1036.1,
2023-02-11,1.7,-3,4,0.1,,231,13.2,27.8,1033.2,
2023-02-12,4.9,3,8,0,,239,5.8,13,1036.9,
2023-02-13,3,-2,7,0,,297,2.9,13,1037.6,
2023-02-14,-1.4,-4,0,0,,34,3.5,9.3,1035.9,
2023-02-15,-1.2,-2,-1,0,,220,3.4,9.3,1030.4,
2023-02-16,2,-4,9,0,,229,7.7,24.1,1026.5,
2023-02-17,8.1,3,11,0,,234,17,46.3,1021.4,
2023-02-18,10.2,9,12,0.1,,242,17.8,53.7,1019.2,
2023-02-19,7.6,5,10,2.4,,257,12.4,46.3,1019.4,
2023-02-20,8.3,5,12,0.1,,240,16,51.8,1021.6,
2023-02-21,9,7,12,0,,263,10,35.2,1017.9,
2023-02-22,8.6,5,14,0,,33,3.9,16.7,1015.2,
2023-02-23,7.1,2,12,1.2,,275,3,16.7,1013,
2023-02-24,7.8,3,10,1,,245,12.1,38.9,1005,
2023-02-25,2,0,5,4.1,,277,10.9,44.5,1002.3,
2023-02-26,-0.8,-2,1,1.4,,20,8.1,38.9,1015.1,
2023-02-27,-1.4,-4,1,0,,42,9.7,35.2,1024.8,
2023-02-28,-0.2,-3,3,0,,53,12.3,42.6,1026.8,
2023-03-01,0.8,-4,7,0,,39,10.5,46.3,1024.4,
2023-03-02,2.9,-2,10,0,,39,9.4,42.6,1020,
2023-03-03,1.8,-5,9,0,,38,5.8,25.9,1019.8,
2023-03-04,-0.6,-5,2,0,,242,10.3,35.2,1018.8,
2023-03-05,1.6,1,3,0,,255,10,35.2,1013.2,
2023-03-06,1.7,-1,5,0.6,,227,12.3,33.3,1005.3,
2023-03-07,3.1,1,6,0,,225,17.2,42.6,1000.4,
2023-03-08,4.3,1,7,5.2,,219,16,35.2,997.5,
2023-03-09,8.1,5,11,8.4,,229,15.2,50,996.5,
2023-03-10,8,5,12,5.1,,221,18.5,59.3,994,
2023-03-11,1.1,-3,5,0.7,,280,13.7,70.4,1005,
2023-03-12,1.3,-5,7,0,,215,9.3,29.6,1013,
2023-03-13,9.6,6,14,0.4,,210,15.9,42.6,1006.3,
2023-03-14,9.3,3,13,5.9,,238,18.6,46.3,998.9,
2023-03-15,2.2,-2,5,1.7,,268,8.8,40.8,1015.6,
2023-03-16,1.3,-5,8,0,,71,5.1,25.9,1022.7,
2023-03-17,5.9,-2,13,0,,80,7.5,24.1,1016.3,
2023-03-18,6.9,0,14,0,,61,4.5,16.7,1014.9,
2023-03-19,6.2,0,12,0.5,,278,2.9,18.5,1016.3,
2023-03-20,8.4,2,13,0.4,,248,6.8,33.3,1018.5,
2023-03-21,10,5,16,0,,232,7.8,22.2,1016.6,
2023-03-22,11.7,5,18,0,,231,8.3,37,1012.7,
2023-03-23,12.1,6,17,0.2,,229,11.4,42.6,1010.6,
2023-03-24,12,9,14.1,0.2,,220,15.5,44.5,1007.8,
2023-03-25,8.2,5,11,2.3,,235,17.9,55.5,1008.5,
2023-03-26,,,,,,,,,,
2023-03-27,3.5,1,5,2,,291,8.7,42.6,1010.3,
2023-03-28,2.4,0,6,0.6,,269,11.4,42.6,1022.6,
2023-03-29,4.3,-2,11,0.4,,190,7.2,25.9,1019.4,
2023-03-30,9.5,6,14,7.3,,223,9.6,38.9,1012.4,
2023-03-31,9,6,13,2.6,,219,13.4,38.9,1004.6,
2023-04-01,8.9,8,11,1.1,,229,16.7,46.3,1002.3,
2023-04-02,5.4,3,8,6.8,,5,9.6,33.3,1014.2,
2023-04-03,2.4,1,5,0,,33,9.8,40.8,1025.8,
2023-04-04,1.3,-3,5,0,,40,6.7,31.5,1024.9,
2023-04-05,0.7,-5,6,0,,31,4.2,20.4,1022,
2023-04-06,2.5,-5,10,0,,313,2.7,20.4,1019.8,
2023-04-07,4.3,-4,13,0,,9,3.9,22.2,1016.8,
2023-04-08,4.9,3,7,4,,43,4.3,24.1,1020.4,
2023-04-09,5.3,0,10,0.1,,77,3.5,25.9,1025.2,
2023-04-10,8,2,14,0,,111,5.5,24.1,1023.2,
2023-04-11,7.2,4,12,2,,237,9.3,46.3,1013.5,
2023-04-12,5.9,-1,11,0,,149,5.7,29.6,1008,
2023-04-13,8.3,6,12,1,,248,10.4,31.5,1005.8,
2023-04-14,6,5,8,7.4,,348,4.6,24.1,1005.9,
2023-04-15,5.9,3,8,12.7,,326,5.2,20.4,1005.9,
2023-04-16,6.5,1,14,0.6,,41,3.6,20.4,1016.6,
2023-04-17,7.6,3,13,0.2,,26,4.4,33.3,1020.9,
2023-04-18,8.1,6,9,0.4,,25,7.6,37,1022.9,
2023-04-19,8,3,11,3.4,,24,6.8,35.2,1020,
2023-04-20,4.7,-1,10,0.1,,32,6.5,40.8,1016.5,
2023-04-21,12.4,5,19,0.1,,70,13.8,51.8,1014.3,
2023-04-22,13.1,3,20,0,,69,5.5,25.9,1012.4,
2023-04-23,12.4,9,16,5.4,,172,6.4,25.9,1009.5,
2023-04-24,11.1,8,14,3.9,,236,11.9,42.6,1007,
2023-04-25,8,4,12,1.9,,265,9.1,33.3,1010.1,
2023-04-26,6.5,3,10,0,,296,6.5,29.6,1016.5,
2023-04-27,7.1,0,14,0,,88,3.5,20.4,1019.2,
2023-04-28,7.8,5,10,4.2,,112,3.5,20.4,1015.8,
2023-04-29,12.3,8,16,0.2,,272,8,33.3,1014.3,
2023-04-30,11.9,8,17,0,,41,6.5,31.5,1020.5,
2023-05-01,11.3,4,18,0,,63,9.9,40.8,1016.2,
2023-05-02,11.8,9,16,1.7,,262,7.9,24.1,1019.6,
2023-05-03,9.9,6,15,0,,46,5.4,27.8,1025.7,
2023-05-04,10.8,1,20,0,,69,4.4,29.6,1023,
2023-05-05,14.2,4,23,2,,120,3,20.4,1018.2,
2023-05-06,15.9,13,20,0.9,,261,8.1,29.6,1016.5,
2023-05-07,12.5,8,17,0,,49,10.2,38.9,1020,
2023-05-08,10.8,6,17,0,,53,9.4,38.9,1023.8,
2023-05-09,12.5,4,19,0,,81,12.8,42.6,1018.9,
2023-05-10,10.8,9,12,6.4,,115,4.7,24.1,1012.5,
2023-05-11,13.3,10,17,1.2,,126,9.2,31.5,1013.9,
2023-05-12,12.4,10,17,0.8,,85,11.8,46.3,1017,
2023-05-13,11.3,10,13,0.3,,69,11.8,42.6,1019.6,
2023-05-14,11.8,9,16,3.9,,65,9.9,40.8,1016.6,
2023-05-15,12.3,9,17,5.4,,227,5.5,25.9,1010.5,
2023-05-16,11.1,6,17,0.9,,10,5.2,29.6,1013.6,
2023-05-17,10.1,6,13,0,,8,5.8,27.8,1021.1,
2023-05-18,9.4,3,14,0,,46,8.1,33.3,1024.8,
2023-05-19,13,9,16,0,,51,10.9,38.9,1023,
2023-05-20,16.7,11,23,0.2,,77,14.9,51.8,1019.3,
2023-05-21,19.6,14,26,0,,77,13.8,46.3,1016.4,
2023-05-22,20.3,13,27,0,,59,7.9,33.3,1014,
2023-05-23,17.1,13,23,0.4,,319,6.4,35.2,1013.9,
2023-05-24,12.3,10,16,0,,24,6.9,25.9,1019.8,
2023-05-25,14.4,7,21,0,,45,7.2,29.6,1023.2,
2023-05-26,15.2,7,21,0,,24,6.1,29.6,1024.8,
2023-05-27,14.5,6,21,0,,50,8.4,33.3,1024.7,
2023-05-28,15.1,6,23,0,,52,6,29.6,1019.3,
2023-05-29,16.2,6,23,0,,40,6.7,31.5,1019.3,
2023-05-30,16.5,10,22,0,,43,7.5,35.2,1021.8,
2023-05-31,16.4,5,23,0,,51,8.2,37,1022.4,
2023-06-01,17.4,7,25,0,,341,3.8,20.4,1017.6,
2023-06-02,15.8,10,20,0,,39,8.5,35.2,1017,
2023-06-03,15,9,21,0,,44,10.1,42.6,1019.8,
2023-06-04,15.7,6,23,0,,49,6.4,33.3,1019.8,
2023-06-05,14.8,12,20,16.3,,48,9.3,35.2,1019.5,
2023-06-06,15.3,13,19,7.8,,31,5.1,24.1,1017.3,
2023-06-07,17.8,13,24,1.5,,56,6.6,27.8,1017.8,
2023-06-08,16.8,12,24,2.4,,65,6.1,29.6,1016.3,
2023-06-09,18.6,13,25,0.6,,49,7,33.3,1014.7,
2023-06-10,18.3,12,24,0.5,,47,8.3,37,1015.5,
2023-06-11,18.3,10,25,0,,57,10.1,40.8,1018.3,
2023-06-12,17.3,9,22,0,,43,9.8,42.6,1018.1,
2023-06-13,16.1,8,23,0,,62,8.1,33.3,1015,
2023-06-14,16,10,22,0.1,,44,7.5,33.3,1015.9,
2023-06-15,15.5,7,22,0,,25,4.7,24.1,1018,
2023-06-16,15.5,8,22,1,,277,5.3,31.5,1016.7,
2023-06-17,18.6,13,25,0.6,,270,8.4,35.2,1015.2,
2023-06-18,19.5,9,28,0,,306,3.4,24.1,1015.1,
2023-06-19,20,11,28,0,,206,5.3,25.9,1015.3,
2023-06-20,23,14,32,0.2,,216,4.1,22.2,1014.8,
2023-06-21,22.5,19,30,2.2,,240,7.3,29.6,1017.4,
2023-06-22,23.6,15,31,0,,78,10,33.3,1017.3,
2023-06-23,18,14,20,7.7,,232,13.5,55.5,1017.8,
2023-06-24,19.4,14,26,0,,296,7.2,31.5,1023.9,
2023-06-25,19.6,11,27,0,,60,4.9,20.4,1020.7,
2023-06-26,22.4,13,31,0,,245,7.3,35.2,1016,
2023-06-27,18.2,15,21,0,,290,9,38.9,1018.2,
2023-06-28,16.9,10,23,2.7,,274,7.7,37,1018.3,
2023-06-29,19,9,27,0,,274,4.1,22.2,1016.5,
2023-06-30,19.2,17,23,8.2,,225,5.7,25.9,1011.6,
2023-07-01,19.9,14,25,0,,247,9.9,42.6,1009.5,
2023-07-02,20.1,18,24,0,,251,13.8,50,1010.3,
2023-07-03,18.7,12,25,0,,236,11.8,50,1013.5,
2023-07-04,20.3,13,25,0.2,,254,9.4,38.9,1015.1,
2023-07-05,18.4,12,25,3.9,,248,8,42.6,1014.6,
2023-07-06,18.1,10,25,0,,276,4.8,29.6,1018.6,
2023-07-07,20,9,29,0,,89,3.6,22.2,1021.6,
2023-07-08,22.6,11,31,0,,53,5.6,29.6,1020.8,
2023-07-09,23.7,12,33,0,,257,3.5,20.4,1021.3,
2023-07-10,24.9,16,32,5.8,,296,9.2,37,1019.4,
2023-07-11,25.4,16,33,0,,142,5.9,24.1,1017.4,
2023-07-12,23.9,18,30,0.5,,245,11.8,42.6,1012.7,
2023-07-13,22.7,19,27,0,,248,12,42.6,1015.8,
2023-07-14,20.8,12,28,0,,204,4.1,25.9,1017.8,
2023-07-15,25,12,36,0,,227,5.9,29.6,1012.5,
2023-07-16,22.4,19,25.5,1.8,,243,11.9,37,1015.5,
2023-07-17,22.5,16,29,2.5,,224,9.3,40.8,1019.2,
2023-07-18,21.8,12,29,0,,269,5.9,29.6,1019.7,
2023-07-19,22,14,29,0.4,,272,6.6,38.9,1013,
2023-07-20,20,14,26,0.7,,273,8.6,38.9,1013.5,
2023-07-21,19.3,13,26,1.1,,76,5.4,25.9,1011.8,
2023-07-22,18,12,24,0,,242,8.6,35.2,1015.8,
2023-07-23,21.5,12,29,0,,252,12,48.2,1013.5,
2023-07-24,20.8,15,28,0.5,,216,12.8,42.6,1008.6,
2023-07-25,17.6,14,22,9,,236,9.2,31.5,1005.3,
2023-07-26,14.6,12,18,5.8,,265,9.8,33.3,1012.1,
2023-07-27,14.8,8,19,0.2,,222,11.9,35.2,1013.3,
2023-07-28,19.3,15,24,6.7,,228,13.6,38.9,1010.1,
2023-07-29,19.7,16,24,1.3,,226,12.5,40.8,1011.6,
2023-07-30,17.5,14,23,2.5,,245,6.8,35.2,1013.2,
2023-07-31,18,11,23,0.5,,237,12.4,38.9,1013.8,
2023-08-01,17.7,16,20,5.2,,225,14.5,44.5,1004.8,
2023-08-02,17,14,19,4.4,,211,11.7,33.3,1004.5,
2023-08-03,19.6,16,24,0.4,,238,16.6,57.4,1005,
2023-08-04,18,14,22,0.4,,226,6.7,27.8,1012.4,
2023-08-05,16.4,15,18,2.5,,24,3.9,24.1,1012.7,
2023-08-06,15.3,14,19,10.3,,245,9.7,38.9,1006.6,
2023-08-07,13.1,12,15,6.5,,246,16.9,51.8,1011.7,
2023-08-08,15.5,11,20,0,,238,13.7,50,1015.9,
2023-08-09,15.8,13,21,20,,238,8.9,33.3,1015.9,
2023-08-10,15.9,9,22,0,,237,4.4,24.1,1021.5,
2023-08-11,18.8,9,28,0,,258,4.6,22.2,1023,
2023-08-12,21,12,31,0,,179,4.8,24.1,1020.1,
2023-08-13,20.7,16,26,3.1,,236,3.5,25.9,1019.7,
2023-08-14,24.1,17,32,1.6,,98,3.2,22.2,1018,
2023-08-15,23.6,18,32,0.1,,127,5.3,20.4,1017.5,
2023-08-16,22,18,29,1.1,,54,3.9,20.4,1019.9,
2023-08-17,22.3,15,30,3.7,,77,6.1,22.2,1018.6,
2023-08-18,22.7,16,30,0,,172,4.6,16.7,1018.3,
2023-08-19,23.8,16,32,0,,204,3,18.5,1019.3,
2023-08-20,25.2,19,33,0,,92,4.8,16.7,1021.5,
2023-08-21,25.4,19,33,0,,348,3.2,18.5,1022.1,
2023-08-22,25.5,19,33,0,,302,4.8,29.6,1019.8,
2023-08-23,24,18,30,0,,10,4.9,22.2,1019.5,
2023-08-24,22.6,14,32,0,,153,3.8,18.5,1017.6,
2023-08-25,22.6,18,28,0,,224,9.2,33.3,1013.4,
2023-08-26,21.2,18,27,22.4,,237,6.8,29.6,1012.8,
2023-08-27,17,15,20,2.5,,230,5,18.5,1011.8,
2023-08-28,13.8,12,15,20.9,,36,6.3,29.6,1011.1,
2023-08-29,12.9,11,16,7.2,,349,3.2,22.2,1008.1,
2023-08-30,14.9,12,19,0,,231,8.8,20.4,1008.9,
2023-08-31,14.8,11,18,0,,238,12.1,38.9,1012.5,
2023-09-01,15.5,13,20,1.9,,211,7.2,27.8,1016.5,
2023-09-02,18.3,13,24,0.1,,244,4.7,22.2,1020.8,
2023-09-03,17.1,12,23,0.1,,350,4,24.1,1025.9,
2023-09-04,16.4,9,23,0,,56,5,20.4,1028.7,
2023-09-05,17.5,11,24,0,,74,8.4,27.8,1025.3,
2023-09-06,18.2,8,27,0,,48,7.1,29.6,1023.4,
2023-09-07,20.3,13,27,0,,66,9.3,37,1023.2,
2023-09-08,20.3,13,27,0,,67,9,27.8,1021.3,
2023-09-09,18.9,9,29,0,,22,1.6,16.7,1019.8,
2023-09-10,19.8,11,29,0,,279,2.7,18.5,1019.3,
2023-09-11,20.8,13,29,0,,280,2.7,22.2,1016.1,
2023-09-12,21.5,13,30,0,,273,3.5,22.2,1014,
2023-09-13,19.7,14,23,4.3,,243,6.9,33.3,1015.3,
2023-09-14,17,13,21,0.3,,356,5,20.4,1021.4,
2023-09-15,15,8,22,0,,51,7.2,31.5,1021.1,
2023-09-16,16.5,8,25,0,,57,3.8,18.5,1017.5,
2023-09-17,18.1,9,29,0,,87,2.5,16.7,1017.1,
2023-09-18,18.2,12,27,0.8,,207,5.5,24.1,1012.3,
2023-09-19,17.1,13,21,0.2,,238,11.8,40.8,1014,
2023-09-20,16.6,9,25,0,,186,5,24.1,1014.5,
2023-09-21,16.3,9,24,0,,83,4.8,22.2,1006.1,
2023-09-22,15,13,17,5.2,,225,7.5,22.2,1006.1,
2023-09-23,12.8,8,17,0,,247,8.2,33.3,1015.8,
2023-09-24,11.1,5,19,0,,14,3.9,18.5,1026.2,
2023-09-25,11.7,4,21,0,,49,3.7,27.8,1026.3,
2023-09-26,14.1,8,22,0,,38,2.3,20.4,1023.4,
2023-09-27,14.8,10,24,0,,91,2.2,16.7,1021.9,
2023-09-28,15.4,10,25,0,,129,3.4,18.5,1019.9,
2023-09-29,16.3,8,26,0,,285,4.1,22.2,1020.8,
2023-09-30,15.7,10,20,1,,256,6.4,18.5,1025,
2023-10-01,13.3,7,22,0,,253,5,29.6,1026.5,
2023-10-02,15.7,7,26,0,,261,3.6,20.4,1024,
2023-10-03,16.6,8,26,0.9,,270,9.1,42.6,1018.2,
2023-10-04,12.7,8,17,0,,250,9.3,37,1027.6,
2023-10-05,9.8,3,17,0,,298,5.6,35.2,1026.1,
2023-10-06,10.8,3,18,0,,218,7,27.8,1026.6,
2023-10-07,14,8,18,0.1,,236,13.1,40.8,1022.9,
2023-10-08,13,9,17,1.9,,259,8.8,31.5,1024,
2023-10-09,11.7,7,15,8.1,,251,5.7,24.1,1020.8,
2023-10-10,15.3,12,21,3.4,,239,6.4,24.1,1021.3,
2023-10-11,16.3,9,25,0,,231,9.4,35.2,1019,
2023-10-12,16.3,13,20,0.8,,228,11.3,29.6,1017.2,
2023-10-13,18.5,14,25,0.2,,212,9.7,29.6,1015.3,
2023-10-14,15.9,9,20,3.3,,235,13.3,48.2,1010.6,
2023-10-15,7.2,3,12,1.2,,252,9.2,38.9,1018.5,
2023-10-16,4.2,-2,11,0,,278,4.4,18.5,1022.4,
2023-10-17,4.2,0,10,0,,54,4.9,27.8,1020.5,
2023-10-18,3.3,-4,9,0,,47,5.4,35.2,1013.5,
2023-10-19,7.5,5,11,0.7,,58,4.3,22.2,1000.5,
2023-10-20,9.9,8,13,1,,29,4.9,27.8,989.1,
2023-10-21,14.5,10,20,1.3,,251,6.1,31.5,999.4,
2023-10-22,11.5,6,15,2,,249,7.3,33.3,1010.3,
2023-10-23,8.6,2,17,0,,55,3.8,20.4,1014.8,
2023-10-24,10.8,10,12,5.2,,35,4.3,18.5,1007,
2023-10-25,11.5,9,15,0.7,,217,6.5,27.8,1002.4,
2023-10-26,10.8,8,13,2.2,,231,13.6,40.8,997.3,
2023-10-27,9.9,9,12,12.6,,244,7.7,33.3,995.5,
2023-10-28,10.5,7,14,3,,222,12.7,40.8,1003,
2023-10-29,10,4,18,0,,178,4.3,22.2,1004.7,
2023-10-30,11,4,16,0,,79,4.3,20.4,1004.8,
2023-10-31,10.6,8,12,3.7,,236,13.7,40.8,1003.3,
2023-11-01,10.3,6,15,0.5,,204,7.8,25.9,1008.7,
2023-11-02,7.2,1,11,6.2,,123,4.7,16.7,995.2,
2023-11-03,7.7,7,8,3.3,,239,9.7,24.1,989.4,
2023-11-04,7.7,4,12,1,,187,12.2,31.5,991.6,
2023-11-05,10,7,14,2,,213,17.1,48.2,986.5,
2023-11-06,9.6,7,12,0,,227,16.3,44.5,1005.9,
2023-11-07,7.8,4,12,0.2,,218,11.5,35.2,1014.3,
2023-11-08,6.8,4,10,0,,227,12.7,38.9,1016.7,
2023-11-09,5.7,-1,12,0,,203,7.3,24.1,1010.1,
2023-11-10,6.8,1,9,2.1,,216,11.1,29.6,1003.8,
2023-11-11,3,-1,7,3.3,,229,8.1,33.3,1004,
2023-11-12,4.1,0,7,0,,235,7.4,22.2,1009.4,
2023-11-13,6,2,13,8.7,,191,7.5,38.9,1009.2,
2023-11-14,9.7,7,12,3.1,,226,17.5,44.5,1007.3,
2023-11-15,8.9,6,11,4.8,,247,15.3,48.2,1012.2,
2023-11-16,6.8,5,9,3.2,,239,8.4,27.8,1014,
2023-11-17,3.9,1,7,1.1,,296,6.2,29.6,1015.8,
2023-11-18,2.3,0,6,0.9,,226,6.8,14.8,1024.3,
2023-11-19,6.4,3,10,9.3,,214,9.1,33.3,1013.3,
2023-11-20,8.9,7,11,4.3,,236,14.8,37,1011,
2023-11-21,6.7,3,9,1.8,,272,7.5,24.1,1013.2,
2023-11-22,0.8,0,3,0,,37,7,24.1,1024.7,
2023-11-23,3,0,7,0,,237,19.5,48.2,1020.3,
2023-11-24,4.4,1,8,3.5,,257,14.8,48.2,1003.4,
2023-11-25,0.5,-1,1,4.5,,258,11.1,37,1004.1,
2023-11-26,0,-2,3,0.8,,253,9.5,27.8,1012.2,
2023-11-27,2,0,4,5.6,,209,10.6,24.1,1005.1,
2023-11-28,0,-2,1,5.3,,309,4.3,27.8,996,
2023-11-29,-2.2,-4,0,0.8,,219,11.9,33.3,1005.5,
2023-11-30,-0.1,-2,2,0,,296,4,16.7,1002.1,
2023-12-01,-1,-2,0,9.9,,37,4.4,24.1,1001.8,
2023-12-02,-2.8,-5,-2,11.3,,342,5.7,25.9,1006.8,
2023-12-03,-4.9,-10,-3,0.7,,232,11.5,24.1,1021.3,
2023-12-04,-10.7,-16,-6,0,,30,2.2,20.4,1017,
2023-12-05,-4,-6,-1,0.6,,71,2.2,11.1,1010.3,
2023-12-06,-0.6,-5,3,1.3,,232,5.4,18.5,1012.5,
2023-12-07,-0.2,-7,2,0,,228,5.5,18.5,1019.6,
2023-12-08,-4.5,-8,-1,2.2,,94,2.9,16.7,1014.3,
2023-12-09,0.8,-1,3,1.2,,21,2.6,16.7,1011.9,
2023-12-10,4.4,1,6,4.4,,219,15.1,37,1007.7,
2023-12-11,7.4,5,10,0.5,,228,18.6,40.8,1004.9,
2023-12-12,6.6,5,9,2.5,,208,9.1,35.2,1007.9,
2023-12-13,6.8,5,9,2,,225,5.7,20.4,1000.7,
2023-12-14,5.3,4,7,1,,274,5.2,18.5,1012.1,
2023-12-15,3.1,1,4,0,,255,8.6,20.4,1031.6,
2023-12-16,4.5,3,7,0,,238,9.6,22.2,1039,
2023-12-17,2.8,0,8,0,,226,7.8,18.5,1037.7,
2023-12-18,2.9,-2,10,0,,233,7.6,20.4,1032.6,
2023-12-19,4.5,-1,9,0,,232,12.1,35.2,1022.6,
2023-12-20,4.1,3,5,2.8,,238,17.1,44.5,1013.8,
2023-12-21,5.4,4,9,8.9,,238,25.8,59.3,999.8,
2023-12-22,4.1,3,6,10.2,,265,18.4,51.8,996.7,
2023-12-23,5.4,2,8,15.7,,261,17,50,1003,
2023-12-24,8.2,6.6,10,4.2,,239,21.6,55.5,1007.9,
2023-12-25,9.3,8,10,0.2,,239,22.2,51.8,1009.8,
2023-12-26,8.3,6,9,0,,238,16.7,44.5,1014.1,
2023-12-27,4.7,1,8,0,,192,4.7,24.1,1021.3,
2023-12-28,4.8,-2,9,0,,214,9.9,31.5,1018.1,
2023-12-29,8.5,7,11,0,,225,18.8,44.5,1014.8,
2023-12-30,6.8,2,9,0,,227,16.1,40.8,1015.3,
2023-12-31,0.7,-3,5,0.4,,171,3.7,22.2,1010,
